Constituency No.,Constituency Name,Candidate Name,Candidate Sex,Candidate Age,Candidate Category, Party Name, VALID VOTES POLLED in General, VALID VOTES POLLED in Postal, Total Valid Votes,Total Electors,Total Votes
1,MANJESHWAR,P B ABDUL RAZAK,M,60,GEN,IUML,56828,42,56870,208165,158884
1,MANJESHWAR,K SURENDRAN,M,46,GEN,BJP,56591,190,56781,208165,158884
1,MANJESHWAR,ADV. C.H.KUNHAMBU,M,56,GEN,CPM,42497,68,42565,208165,158884
1,MANJESHWAR,BASHEER AHAMMAD S M,M,36,GEN,PDP,759,0,759,208165,158884
1,MANJESHWAR,None of the Above,,,,NOTA,645,1,646,208165,158884
1,MANJESHWAR,SUNDARA K,M,47,SC,IND,467,0,467,208165,158884
1,MANJESHWAR,RAVICHANDRA,M,38,SC,BSP,365,0,365,208165,158884
1,MANJESHWAR,K P MUNEER,M,45,GEN,IND,224,0,224,208165,158884
1,MANJESHWAR,JOHN D SOUZA,M,53,GEN,IND,207,0,207,208165,158884
2,KASARAGOD,N A NELLIKKUNNU,M,62,GEN,IUML,64623,104,64727,188906,144749
2,KASARAGOD,RAVISHA THANTRI KUNTAR,M,48,GEN,BJP,55830,290,56120,188906,144749
2,KASARAGOD,DR. A A AMEEN,M,61,GEN,INL,21505,110,21615,188906,144749
2,KASARAGOD,None of the Above,,,,NOTA,653,8,661,188906,144749
2,KASARAGOD,VIJAYAKUMAR B,M,43,SC,BSP,582,3,585,188906,144749
2,KASARAGOD,ROSHAN KUMAR,M,32,GEN,IND,508,0,508,188906,144749
2,KASARAGOD,A DAMODARAN,M,59,GEN,IND,283,0,283,188906,144749
2,KASARAGOD,MUNEER MUNAMBAM,M,33,GEN,IND,250,0,250,188906,144749
3,UDMA,K KUNHIRAMAN,M,68,GEN,CPM,70313,366,70679,199962,160870
3,UDMA,K SUDHAKARAN,M,67,GEN,INC,66615,232,66847,199962,160870
3,UDMA,ADV. K SHREEKANTH,M,40,GEN,BJP,21134,97,21231,199962,160870
3,UDMA,None of the Above,,,,NOTA,405,0,405,199962,160870
3,UDMA,GOPI KUTHIRAKALLU,M,35,ST,PDP,353,0,353,199962,160870
3,UDMA,DAMODARAN P,M,45,ST,IND,349,0,349,199962,160870
3,UDMA,MOHAMMED PAKYARA,M,30,GEN,SDPI,331,0,331,199962,160870
3,UDMA,SUDHAKARAN CHERUKANAM,M,47,GEN,IND,208,0,208,199962,160870
3,UDMA,GOVINDAN B ALINTHAZHE,M,42,ST,APOI,164,1,165,199962,160870
3,UDMA,ABBAS MOTHALAPPARA,M,59,GEN,IND,157,0,157,199962,160870
3,UDMA,K KUNHIRAMAN PERIYANGANAM,M,61,GEN,IND,145,0,145,199962,160870
4,KANHANGAD,E.CHANDRASHEKARAN,M,67,GEN,CPI,80118,440,80558,204931,161189
4,KANHANGAD,DHANYA SURESH,F,36,GEN,INC,54352,195,54547,204931,161189
4,KANHANGAD,M P RAGHAVAN,M,49,GEN,BDJS,21045,59,21104,204931,161189
4,KANHANGAD,CHANDRAN PARAPPA,M,38,ST,BSP,965,0,965,204931,161189
4,KANHANGAD,ASSAINAR MUTTUMTHALA,M,44,GEN,PDP,959,0,959,204931,161189
4,KANHANGAD,None of the Above,,,,NOTA,850,6,856,204931,161189
4,KANHANGAD,SAJEEVAN R,M,33,ST,IND,663,0,663,204931,161189
4,KANHANGAD,MUHAMMED ALI V V,M,37,GEN,IND,420,0,420,204931,161189
4,KANHANGAD,KOOKKAL BALAKRISHNAN,M,52,GEN,IND,293,1,294,204931,161189
4,KANHANGAD,RAGHAVAN B POODAMKALLU,M,36,ST,APOI,271,1,272,204931,161189
4,KANHANGAD,BALACHANDRAN KARIMBIL,M,54,GEN,SHS,258,2,260,204931,161189
4,KANHANGAD,K U KRISHNAKUMAR,M,40,GEN,IND,186,0,186,204931,161189
4,KANHANGAD,M DAMODARAN,M,69,ST,IND,105,0,105,204931,161189
5,TRIKARIPUR,M.RAJAGOPALAN,M,55,GEN,CPM,78279,1007,79286,190119,155671
5,TRIKARIPUR,K P KUNHIKANNAN,M,67,GEN,INC,61931,396,62327,190119,155671
5,TRIKARIPUR,M.BHASKARAN,M,59,GEN,BJP,10707,60,10767,190119,155671
5,TRIKARIPUR,C.H.MUTHALIB,M,54,GEN,WPOI,1029,0,1029,190119,155671
5,TRIKARIPUR,M V SHAUKATHALI,M,43,GEN,SDPI,840,0,840,190119,155671
5,TRIKARIPUR,None of the Above,,,,NOTA,772,2,774,190119,155671
5,TRIKARIPUR,P P PURUSHOTHAMAN,M,50,GEN,IND,262,1,263,190119,155671
5,TRIKARIPUR,K.P. KUNHIKANNAN KANDOTHUMPURATH,M,69,GEN,IND,183,0,183,190119,155671
5,TRIKARIPUR,KUNJIKANNAN. P. M KURUVATTU VEEDU,M,63,ST,IND,109,0,109,190119,155671
5,TRIKARIPUR,K M SREEDHARAN,M,63,GEN,IND,93,0,93,190119,155671
6,PAYYANNUR,C KRISHNAN,M,66,GEN,CPM,82198,1028,83226,175438,143442
6,PAYYANNUR,SAJID MAVVAL,M,35,GEN,INC,42740,223,42963,175438,143442
6,PAYYANNUR,ANIAMMA TEACHER,F,52,GEN,BJP,15288,53,15341,175438,143442
6,PAYYANNUR,None of the Above,,,,NOTA,1032,10,1042,175438,143442
6,PAYYANNUR,VINOD KUMAR RAMANTHALI,M,47,GEN,CPIM,862,8,870,175438,143442
7,KALLIASSERI,T V RAJESH,M,42,GEN,CPM,82289,717,83006,177121,138747
7,KALLIASSERI,AMRITHA RAMAKRISHNAN,F,36,GEN,INC,39959,156,40115,177121,138747
7,KALLIASSERI,K P ARUN MASTER,M,30,GEN,BJP,10979,57,11036,177121,138747
7,KALLIASSERI,SUNIL KOYILERIAN,M,45,GEN,IND,1445,10,1455,177121,138747
7,KALLIASSERI,K SUBAIR,M,41,GEN,SDPI,1435,0,1435,177121,138747
7,KALLIASSERI,SAINUDHEEN KARIVELLUR,M,46,GEN,WPOI,1076,4,1080,177121,138747
7,KALLIASSERI,None of the Above,,,,NOTA,618,2,620,177121,138747
8,TALIPARAMBA,JAMES MATHEW,M,55,GEN,CPM,90262,844,91106,197568,159980
8,TALIPARAMBA,RAJESH NAMBIAR,M,51,GEN,KEC(M),50253,236,50489,197568,159980
8,TALIPARAMBA,P. BALAKRISHNAN MASTER,M,50,GEN,BJP,14670,72,14742,197568,159980
8,TALIPARAMBA,IBRAHIM THIRUVATTOOR,M,57,GEN,SDPI,1323,0,1323,197568,159980
8,TALIPARAMBA,None of the Above,,,,NOTA,859,8,867,197568,159980
8,TALIPARAMBA,P. K. AYYAPPAN MASTER,M,64,GEN,BSP,671,4,675,197568,159980
8,TALIPARAMBA,K. SADANANDAN,M,39,GEN,IND,288,0,288,197568,159980
8,TALIPARAMBA,K. RAJESH KUMAR,M,41,GEN,IND,287,0,287,197568,159980
8,TALIPARAMBA,P. V. ANIL,M,39,GEN,IND,203,0,203,197568,159980
9,IRIKKUR,K C JOSEPH,M,69,GEN,INC,72189,359,72548,188416,148072
9,IRIKKUR,K T JOSE,M,52,GEN,CPI,62373,528,62901,188416,148072
9,IRIKKUR,A P GANGADHARAN,M,53,GEN,BJP,8265,29,8294,188416,148072
9,IRIKKUR,ADV. BINOY THOMAS,M,47,GEN,IND,2727,7,2734,188416,148072
9,IRIKKUR,JOSEPH K C KALAYAKKATTIL,M,63,GEN,IND,602,0,602,188416,148072
9,IRIKKUR,None of the Above,,,,NOTA,553,0,553,188416,148072
9,IRIKKUR,RIJO,M,38,GEN,IND,134,0,134,188416,148072
9,IRIKKUR,RAJEEV JOSEPH,M,49,GEN,IND,123,0,123,188416,148072
9,IRIKKUR,A K SHAJI,M,45,GEN,IND,103,0,103,188416,148072
9,IRIKKUR,RAVEENDRAN A V,M,45,GEN,IND,80,0,80,188416,148072
10,AZHIKODE,K M SHAJI,M,44,GEN,IUML,62823,259,63082,172757,141498
10,AZHIKODE,M V NIKESH KUMAR,M,42,GEN,CPM,60361,434,60795,172757,141498
10,AZHIKODE,A V KESAVAN,M,49,GEN,BJP,12533,47,12580,172757,141498
10,AZHIKODE,K K ABDUL JABBAR,M,42,GEN,SDPI,1704,1,1705,172757,141498
10,AZHIKODE,P K RAGESH,M,47,GEN,IND,1512,6,1518,172757,141498
10,AZHIKODE,M JOSEPH JOHN,M,47,GEN,WPOI,680,7,687,172757,141498
10,AZHIKODE,None of the Above,,,,NOTA,452,1,453,172757,141498
10,AZHIKODE,ADV. P C VIVEK,M,30,GEN,SUCI,234,1,235,172757,141498
10,AZHIKODE,"SHAJI K M, THOLAMBRA",M,34,GEN,IND,196,0,196,172757,141498
10,AZHIKODE,"K M SHAJI, MAMBA",M,42,GEN,IND,160,0,160,172757,141498
10,AZHIKODE,PRASAD V P,M,60,GEN,IND,87,0,87,172757,141498
11,KANNUR,RAMACHANDRAN KADANNAPPALLI,M,71,GEN,C(S),53931,416,54347,163205,126219
11,KANNUR,SATHEESAN PACHENI,M,48,GEN,INC,52830,321,53151,163205,126219
11,KANNUR,K.G. BABU,M,55,GEN,BJP,13152,63,13215,163205,126219
11,KANNUR,SUFIRA K P,F,40,GEN,SDPI,2551,0,2551,163205,126219
11,KANNUR,C P RAHNA TEACHER,F,45,GEN,WPOI,1132,2,1134,163205,126219
11,KANNUR,N P SATHAR,M,53,GEN,IND,755,0,755,163205,126219
11,KANNUR,None of the Above,,,,NOTA,512,5,517,163205,126219
11,KANNUR,K SUDHAKARAN,M,39,GEN,IND,223,0,223,163205,126219
11,KANNUR,SATHEESAN PAZHAYADATH,M,43,GEN,IND,97,0,97,163205,126219
11,KANNUR,SATHEESAN EDATHIL VEEDU,M,40,GEN,IND,79,0,79,163205,126219
11,KANNUR,RAMACHANDRAN THAYALE PURAYIL,M,40,GEN,IND,77,0,77,163205,126219
11,KANNUR,RAMACHANDRAN POTHERAVALAPPIL,M,50,GEN,IND,73,0,73,163205,126219
12,DHARMADAM,PINARAYI VIJAYAN,M,72,GEN,CPM,86362,967,87329,184431,153627
12,DHARMADAM,MAMBARAM DIVAKARAN,M,64,GEN,INC,50065,359,50424,184431,153627
12,DHARMADAM,MOHANAN MANANTHERY,M,59,GEN,BJP,12709,54,12763,184431,153627
12,DHARMADAM,THARAMMAL  NIYAS,M,40,GEN,SDPI,1993,1,1994,184431,153627
12,DHARMADAM,None of the Above,,,,NOTA,612,3,615,184431,153627
12,DHARMADAM,DIVAKARAN.M.THIRUVATHIRA,M,52,GEN,IND,354,0,354,184431,153627
12,DHARMADAM,DIVAKARAN MOOTTIL HOUSE,M,54,GEN,IND,148,0,148,184431,153627
13,THALASSERY,ADV. A N SHAMSEER,M,39,GEN,CPM,70282,459,70741,167024,132666
13,THALASSERY,A P ABDULLAKUTTY,M,49,GEN,INC,36439,185,36624,167024,132666
13,THALASSERY,V K SAJEEVAN,M,40,GEN,BJP,22043,82,22125,167024,132666
13,THALASSERY,JABEENA IRSHAD,F,36,GEN,WPOI,1334,3,1337,167024,132666
13,THALASSERY,A C JALALUDHEEN,M,54,GEN,SDPI,958,1,959,167024,132666
13,THALASSERY,None of the Above,,,,NOTA,509,5,514,167024,132666
13,THALASSERY,BALAKRISHNAN KODIYERI,M,54,GEN,IND,129,0,129,167024,132666
13,THALASSERY,THAYYIL VATTAKKANDI SAJEEVAN V K,M,40,GEN,IND,124,1,125,167024,132666
13,THALASSERY,DANISH MAHAL A P ABDULLAKUTTY,M,48,GEN,IND,112,0,112,167024,132666
14,KUTHUPARAMBA,K K SHAILAJA TEACHER,F,59,GEN,CPM,66578,435,67013,181095,146824
14,KUTHUPARAMBA,K P MOHANAN S/O P R KURUP,M,66,GEN,JD(U),54458,264,54722,181095,146824
14,KUTHUPARAMBA,C SADANANDAN MASTER,M,52,GEN,BJP,20700,87,20787,181095,146824
14,KUTHUPARAMBA,ADV. MUHAMMAD SHABEER K C,M,46,GEN,SDPI,1680,1,1681,181095,146824
14,KUTHUPARAMBA,K P MOHANAN VEDICHALIL,M,53,GEN,IND,1041,0,1041,181095,146824
14,KUTHUPARAMBA,None of the Above,,,,NOTA,501,0,501,181095,146824
14,KUTHUPARAMBA,K P MOHANAN HRIDYAM,M,58,GEN,IND,355,0,355,181095,146824
14,KUTHUPARAMBA,K RAGHUNATH,M,43,GEN,IND,296,0,296,181095,146824
14,KUTHUPARAMBA,SHYLAJA PRASANTH,F,50,GEN,IND,265,0,265,181095,146824
14,KUTHUPARAMBA,SHYLAJA NELLIYULLA PARAMBATH,F,38,GEN,IND,163,0,163,181095,146824
15,MATTANNUR,E. P. JAYARAJAN,M,65,GEN,CPM,83265,765,84030,177911,148677
15,MATTANNUR,K. P. PRASANTH,M,43,GEN,JD(U),40362,287,40649,177911,148677
15,MATTANNUR,BIJU ELAKKUZHI,M,36,GEN,BJP,18533,87,18620,177911,148677
15,MATTANNUR,RAFEEKH KEECHERI,M,38,GEN,SDPI,3188,0,3188,177911,148677
15,MATTANNUR,None of the Above,,,,NOTA,1414,6,1420,177911,148677
15,MATTANNUR,KODIPPADI PRASANTH,M,42,GEN,IND,770,0,770,177911,148677
16,PERAVOOR,ADV. SUNNY JOSEPH,M,63,GEN,INC,65246,413,65659,168458,136505
16,PERAVOOR,ADV. BINOY KURIAN,M,39,GEN,CPM,57322,348,57670,168458,136505
16,PERAVOOR,PAILY VATHIATTU,M,62,GEN,BDJS,9087,42,9129,168458,136505
16,PERAVOOR,P K FAROOKH,M,45,GEN,SDPI,1935,0,1935,168458,136505
16,PERAVOOR,PALLIPRAM PRASANNAN,M,60,SC,WPOI,512,1,513,168458,136505
16,PERAVOOR,None of the Above,,,,NOTA,457,1,458,168458,136505
16,PERAVOOR,SUNNY JOSEPH KALLARAKKAL,M,62,GEN,IND,389,0,389,168458,136505
16,PERAVOOR,ADV. K J JOSEPH,M,50,GEN,IND,241,0,241,168458,136505
16,PERAVOOR,BIJOY KURIAN,M,40,GEN,IND,214,0,214,168458,136505
16,PERAVOOR,V D BINTO,M,40,GEN,IND,124,0,124,168458,136505
16,PERAVOOR,SUNNY,M,43,GEN,IND,110,0,110,168458,136505
16,PERAVOOR,RADHAMANI NARAYANA KUMAR,F,47,GEN,IND,63,0,63,168458,136505
17,MANANTHAVADY,O R KELU,M,46,ST,CPM,61982,454,62436,187760,145592
17,MANANTHAVADY,P K JAYALAKSHMI,F,35,ST,INC,60889,240,61129,187760,145592
17,MANANTHAVADY,K MOHANDAS,M,37,ST,BJP,16183,47,16230,187760,145592
17,MANANTHAVADY,SOMAN P N,M,58,ST,SDPI,1376,1,1377,187760,145592
17,MANANTHAVADY,LAKSHMI,F,47,ST,IND,1300,0,1300,187760,145592
17,MANANTHAVADY,None of the Above,,,,NOTA,1048,2,1050,187760,145592
17,MANANTHAVADY,ANNAN MADAKKIMALA,M,59,ST,BSP,679,0,679,187760,145592
17,MANANTHAVADY,KELU CHAYIMMAL,M,50,ST,IND,583,0,583,187760,145592
17,MANANTHAVADY,VIJAYAN,M,38,ST,CPIM,224,0,224,187760,145592
17,MANANTHAVADY,USHA K,F,42,ST,IND,205,0,205,187760,145592
17,MANANTHAVADY,KELU KOLLIYIL,M,62,ST,IND,196,0,196,187760,145592
17,MANANTHAVADY,NITTAMANI K KUNHIRAMAN,M,50,ST,IND,183,0,183,187760,145592
18,SULTHANBATHERY,I C BALAKRISHNAN,M,41,ST,INC,75410,337,75747,218241,172004
18,SULTHANBATHERY,RUGMINI SUBRAHMANIAN,F,44,ST,CPM,63994,555,64549,218241,172004
18,SULTHANBATHERY,C K JANU,F,43,ST,IND,27777,143,27920,218241,172004
18,SULTHANBATHERY,None of the Above,,,,NOTA,1259,2,1261,218241,172004
18,SULTHANBATHERY,MUKUNDAN CHEENGERI,M,73,ST,BSP,791,0,791,218241,172004
18,SULTHANBATHERY,MADHAVI,F,33,ST,CPIM,609,0,609,218241,172004
18,SULTHANBATHERY,K K VASU,M,57,ST,SP,478,0,478,218241,172004
18,SULTHANBATHERY,BALAKRISHNAN EDAKKAL,M,48,ST,IND,387,0,387,218241,172004
18,SULTHANBATHERY,T R SREEDHARAN,M,64,ST,SUCI,262,0,262,218241,172004
19,KALPETTA,C K SASEENDRAN,M,58,GEN,CPM,72472,487,72959,190938,150907
19,KALPETTA,M.V SHREYAMS KUMAR,M,49,GEN,JD(U),59631,245,59876,190938,150907
19,KALPETTA,K SADANANDAN,M,62,GEN,BJP,12893,45,12938,190938,150907
19,KALPETTA,None of the Above,,,,NOTA,1171,1,1172,190938,150907
19,KALPETTA,JOSEPH AMBALAVAYAL,M,42,GEN,WPOI,895,5,900,190938,150907
19,KALPETTA,ADV. K A AYOOB,M,40,GEN,SDPI,835,2,837,190938,150907
19,KALPETTA,MADAYI LATHEEF,M,50,GEN,IND,594,0,594,190938,150907
19,KALPETTA,SREYAMS KUMAR ANJANA HOUSE,M,53,GEN,IND,498,0,498,190938,150907
19,KALPETTA,SUJAYAKUMAR,M,48,GEN,CPIM,468,0,468,190938,150907
19,KALPETTA,MOIDEEN CHEMBOTHARA,M,47,GEN,IND,451,0,451,190938,150907
19,KALPETTA,SANDHYA N M,F,30,GEN,IND,214,0,214,190938,150907
20,VADAKARA,C.K.NANU,M,78,GEN,JD(S),48755,456,49211,158907,129572
20,VADAKARA,MANAYATH CHANDRAN,M,60,GEN,JD(U),39498,202,39700,158907,129572
20,VADAKARA,K.K.REMA T. P. HOUSE,F,46,GEN,IND,20346,158,20504,158907,129572
20,VADAKARA,ADV. M. RAJESHKUMAR,M,44,GEN,BJP,13890,47,13937,158907,129572
20,VADAKARA,P. ABDUL HAMEED MASTER,M,57,GEN,SDPI,2671,2,2673,158907,129572
20,VADAKARA,MADAPARAMBATH CHANDRAN,M,58,GEN,IND,1648,0,1648,158907,129572
20,VADAKARA,None of the Above,,,,NOTA,506,0,506,158907,129572
20,VADAKARA,K.K.REMA KUNIYIL,F,52,GEN,IND,352,0,352,158907,129572
20,VADAKARA,STALIN.P.P,M,47,GEN,CPIM,284,0,284,158907,129572
20,VADAKARA,T. K. NANU THAZHE KANDOTH,M,51,GEN,IND,279,0,279,158907,129572
20,VADAKARA,MATHATH CHANDRAN,M,57,GEN,IND,240,0,240,158907,129572
20,VADAKARA,T. P. RAMA VADAKKE EROTH,F,50,GEN,IND,238,0,238,158907,129572
21,KUTTIADI,PARAKKAL ABDULLA,M,57,GEN,IUML,71338,471,71809,184610,157810
21,KUTTIADI,K.K. LATHIKA,F,54,GEN,CPM,69897,755,70652,184610,157810
21,KUTTIADI,RAMADAS MANALERI,M,46,GEN,BJP,12283,44,12327,184610,157810
21,KUTTIADI,P.C. BHASKARAN,M,64,GEN,WPOI,1112,13,1125,184610,157810
21,KUTTIADI,SABU KAKKATTIL,M,38,GEN,SP,860,0,860,184610,157810
21,KUTTIADI,None of the Above,,,,NOTA,374,1,375,184610,157810
21,KUTTIADI,K.C. KUMARAN,M,60,GEN,IND,219,1,220,184610,157810
21,KUTTIADI,NARANATHU MUHAMMAD,M,38,GEN,PDP,118,0,118,184610,157810
21,KUTTIADI,PARAKKAL ABDULLA PALLIYATH,M,67,GEN,IND,85,0,85,184610,157810
21,KUTTIADI,S.R. KHAN MANIYOOR,M,58,GEN,IND,76,0,76,184610,157810
21,KUTTIADI,PALLIYIL ABDULLA,M,44,GEN,IND,62,0,62,184610,157810
21,KUTTIADI,ALUVA ANEESH,M,35,GEN,IND,57,0,57,184610,157810
21,KUTTIADI,PAREMMAL ABDULLA,M,65,GEN,IND,44,0,44,184610,157810
22,NADAPURAM,E. K. VIJAYAN,M,63,GEN,CPI,74340,402,74742,201719,162929
22,NADAPURAM,ADV. PRAVEENKUMAR,M,46,GEN,INC,69551,432,69983,201719,162929
22,NADAPURAM,M. P. RAJAN,M,55,GEN,BJP,14470,23,14493,201719,162929
22,NADAPURAM,C. K. ABDUL RAHIM MASTER,M,42,GEN,SDPI,2182,1,2183,201719,162929
22,NADAPURAM,None of the Above,,,,NOTA,445,1,446,201719,162929
22,NADAPURAM,K.K.VASU,M,59,SC,BSP,377,0,377,201719,162929
22,NADAPURAM,E.K. VIJAYAN KOMATH,M,47,GEN,IND,220,0,220,201719,162929
22,NADAPURAM,PRAVEENKUMAR THAYYULLATHIL,M,43,GEN,IND,171,0,171,201719,162929
22,NADAPURAM,PRAVEEN RAYAROTH THAZHAKUNI,M,42,GEN,IND,163,0,163,201719,162929
22,NADAPURAM,ALUVA ANEESH,M,35,GEN,IND,151,0,151,201719,162929
23,QUILANDY,K.DASAN,M,63,GEN,CPM,69774,819,70593,188490,153667
23,QUILANDY,N.SUBRAMANIAN,M,59,GEN,INC,56842,382,57224,188490,153667
23,QUILANDY,K. RAJINESH BABU,M,46,GEN,BJP,21989,98,22087,188490,153667
23,QUILANDY,ISMAYIL KAMMANA,M,44,GEN,SDPI,798,0,798,188490,153667
23,QUILANDY,RASAL M K,M,40,GEN,PDP,703,0,703,188490,153667
23,QUILANDY,PARAPPIL BALAKRISHNAN,M,49,SC,BSP,674,4,678,188490,153667
23,QUILANDY,None of the Above,,,,NOTA,653,0,653,188490,153667
23,QUILANDY,M.N.SUBRAHMANIAN KAKKUDUMBIL MEETHAL,M,52,GEN,IND,489,0,489,188490,153667
23,QUILANDY,P.K. DASAN PAZHUNTHUM KOOTTATHIL,M,52,GEN,IND,167,0,167,188490,153667
23,QUILANDY,P. M. SREEKUMAR,M,46,GEN,SUCI,149,0,149,188490,153667
23,QUILANDY,P. M. KUNHIKANNAN,M,62,SC,CPIM,126,0,126,188490,153667
24,PERAMBRA,T.P.RAMAKRISHNAN,M,67,GEN,CPM,71352,1007,72359,179658,153512
24,PERAMBRA,ADV.MOHAMMED IKBAL,M,48,GEN,KEC(M),67565,693,68258,179658,153512
24,PERAMBRA,SUKUMARAN NAIR,M,65,GEN,BDJS,8532,29,8561,179658,153512
24,PERAMBRA,RAZAK PALERI,M,39,GEN,WPOI,1646,27,1673,179658,153512
24,PERAMBRA,K.P.GOPI,M,50,GEN,SDPI,1030,6,1036,179658,153512
24,PERAMBRA,MUHAMMED IQBAL BAPPUBAITH,M,26,GEN,IND,637,0,637,179658,153512
24,PERAMBRA,None of the Above,,,,NOTA,615,1,616,179658,153512
24,PERAMBRA,M.T.MUHAMMED MASTER,M,51,GEN,CPIM,223,1,224,179658,153512
24,PERAMBRA,MUHAMMAD IQBAL PALLATH,M,52,GEN,IND,148,0,148,179658,153512
25,BALUSSERI,PURUSHUAN KADALUNDI,M,68,SC,CPM,82031,883,82914,209667,174568
25,BALUSSERI,U.C RAMAN PADANILAM,M,51,SC,IND,66790,660,67450,209667,174568
25,BALUSSERI,P.K SUPRAN,M,64,SC,BJP,19224,100,19324,209667,174568
25,BALUSSERI,BALAN NADUVANNUR,M,45,SC,SDPI,1763,1,1764,209667,174568
25,BALUSSERI,SASEENDRAN BAPPANKAD,M,48,SC,WPOI,937,22,959,209667,174568
25,BALUSSERI,RAMAN THACHAMPOYIL MEETHAL,M,81,SC,IND,709,1,710,209667,174568
25,BALUSSERI,None of the Above,,,,NOTA,636,2,638,209667,174568
25,BALUSSERI,K.T SIVAN,M,44,SC,IND,495,2,497,209667,174568
25,BALUSSERI,JAYARAJAN,M,55,SC,IND,312,0,312,209667,174568
26,ELATHUR,A K SASEENDRAN,M,70,GEN,NCP,75701,686,76387,188528,157006
26,ELATHUR,KISHEN CHAND,M,60,GEN,JD(U),46862,468,47330,188528,157006
26,ELATHUR,RAJAN NAIR,M,59,GEN,BJP,28919,151,29070,188528,157006
26,ELATHUR,KRISHNAN,M,62,GEN,IND,1724,0,1724,188528,157006
26,ELATHUR,RAGHU,M,59,SC,BSP,1135,7,1142,188528,157006
26,ELATHUR,None of the Above,,,,NOTA,982,4,986,188528,157006
26,ELATHUR,USEFFALI P M,M,59,GEN,IND,367,0,367,188528,157006
27,KOZHIKODE NORTH,A PRADEEP KUMAR,M,51,GEN,CPM,63577,615,64192,169752,132617
27,KOZHIKODE NORTH,ADV. P M SURESH BABU,M,66,GEN,INC,36047,272,36319,169752,132617
27,KOZHIKODE NORTH,K P SREESAN,M,62,GEN,BJP,29726,134,29860,169752,132617
27,KOZHIKODE NORTH,None of the Above,,,,NOTA,768,2,770,169752,132617
27,KOZHIKODE NORTH,VELAYUDHAN.K.P,M,58,SC,BSP,456,1,457,169752,132617
27,KOZHIKODE NORTH,ABDUL VAHID,M,48,GEN,SDPI,351,0,351,169752,132617
27,KOZHIKODE NORTH,S JENNIFER,F,31,GEN,SUCI,206,2,208,169752,132617
27,KOZHIKODE NORTH,E PRADEEP KUMAR PEEDIKATHODI,M,49,GEN,IND,187,0,187,169752,132617
27,KOZHIKODE NORTH,T SURESH BABU KAMALADHALAM,M,38,GEN,IND,151,0,151,169752,132617
27,KOZHIKODE NORTH,ABDU SAMAD,M,57,GEN,KLJP,122,0,122,169752,132617
28,KOZHIKODE SOUTH,DR. M.K.MUNEER,M,53,GEN,IUML,49721,142,49863,149054,115617
28,KOZHIKODE SOUTH,PROF.A. P. ABDUL VAHAB,M,57,GEN,INL,43312,224,43536,149054,115617
28,KOZHIKODE SOUTH,SATHEESH KUTTIYIL,M,63,GEN,BDJS,19064,82,19146,149054,115617
28,KOZHIKODE SOUTH,None of the Above,,,,NOTA,787,1,788,149054,115617
28,KOZHIKODE SOUTH,U.K.DEYSI BALASUBRAHMANYAN,F,41,SC,SDPI,593,0,593,149054,115617
28,KOZHIKODE SOUTH,KAMALA PAVITHRAN,F,45,SC,BSP,480,0,480,149054,115617
28,KOZHIKODE SOUTH,A.P.ABDUL VAHAB,M,37,GEN,IND,287,0,287,149054,115617
28,KOZHIKODE SOUTH,SAJAN.A.K,M,36,GEN,IND,226,1,227,149054,115617
28,KOZHIKODE SOUTH,ABDUL SATHAR,M,44,GEN,IND,211,0,211,149054,115617
28,KOZHIKODE SOUTH,MUNEER DAVARI,M,45,GEN,IND,190,0,190,149054,115617
28,KOZHIKODE SOUTH,PREMANAND.T,M,47,GEN,IND,166,0,166,149054,115617
28,KOZHIKODE SOUTH,ABDUL MUNEER,M,36,GEN,IND,130,0,130,149054,115617
29,BEYPORE,MAMMED KOYA V K C,M,75,GEN,CPM,68745,369,69114,191152,155709
29,BEYPORE,ADAM MULSI M P,M,35,GEN,INC,54583,168,54751,191152,155709
29,BEYPORE,PRAKASAN,M,36,GEN,BJP,27896,62,27958,191152,155709
29,BEYPORE,P.C MUHAMMEDKUTTY,M,56,GEN,WPOI,1380,7,1387,191152,155709
29,BEYPORE,MUHAMMED MUSTHAFA P.P,M,34,GEN,SDPI,1125,1,1126,191152,155709
29,BEYPORE,None of the Above,,,,NOTA,605,0,605,191152,155709
29,BEYPORE,V K MUHAMMED KOYA,M,55,GEN,IND,355,0,355,191152,155709
29,BEYPORE,ADAM MALIQUE E,M,41,GEN,IND,199,0,199,191152,155709
29,BEYPORE,ADAM,M,66,GEN,IND,109,0,109,191152,155709
29,BEYPORE,AJEESH KUMAR ERAKKATHIL,M,41,GEN,IND,104,1,105,191152,155709
30,KUNNAMANGALAM,ADV. P.T.A. RAHIM  &#39;E&#39;,M,67,GEN,IND,76554,856,77410,210071,180341
30,KUNNAMANGALAM,ADV.T. SIDDIQU,M,41,GEN,INC,65886,319,66205,210071,180341
30,KUNNAMANGALAM,C.K.PADMANABHAN,M,67,GEN,BJP,32567,135,32702,210071,180341
30,KUNNAMANGALAM,LATHEEF ANORA,M,39,GEN,SDPI,1249,3,1252,210071,180341
30,KUNNAMANGALAM,None of the Above,,,,NOTA,1144,4,1148,210071,180341
30,KUNNAMANGALAM,K.P RAHEEM MELECHETTUKUZHIYIL,M,50,GEN,IND,726,0,726,210071,180341
30,KUNNAMANGALAM,P.P RAJAN,M,48,SC,BSP,304,0,304,210071,180341
30,KUNNAMANGALAM,P.SIDHEEQ PANNIYOOKKIL,M,47,GEN,IND,212,0,212,210071,180341
30,KUNNAMANGALAM,T.P SIDDEEQUE THALAPPOYIL,M,45,GEN,IND,206,0,206,210071,180341
30,KUNNAMANGALAM,ABOOBACKER SIDHIQUE,M,33,GEN,IND,176,0,176,210071,180341
31,KODUVALLY,KARAT RAZACK,M,51,GEN,IND,60604,429,61033,167786,137389
31,KODUVALLY,M A RAZAK MASTER,M,58,GEN,IUML,60049,411,60460,167786,137389
31,KODUVALLY,ALI AKBAR,M,53,GEN,BJP,11489,48,11537,167786,137389
31,KODUVALLY,ADV. P. K. ZAKARIYYA,M,39,GEN,WPOI,1552,14,1566,167786,137389
31,KODUVALLY,E. NAZAR,M,46,GEN,SDPI,1460,6,1466,167786,137389
31,KODUVALLY,None of the Above,,,,NOTA,579,3,582,167786,137389
31,KODUVALLY,ABDUL RAZAK K T,M,45,GEN,IND,352,0,352,167786,137389
31,KODUVALLY,SAYYID HUSSAIN JIFFIRI THANGAL,M,42,GEN,IND,281,0,281,167786,137389
31,KODUVALLY,K P ABOOBACKER,M,46,GEN,IND,112,0,112,167786,137389
32,THIRUVAMBADY,GEORGE M. THOMAS,M,62,GEN,CPM,61994,330,62324,168412,135686
32,THIRUVAMBADY,V M UMMER MASTER,M,59,GEN,IUML,59114,202,59316,168412,135686
32,THIRUVAMBADY,GIRI PAMBANAL,M,41,GEN,BDJS,8719,30,8749,168412,135686
32,THIRUVAMBADY,RAJU PUNNAKKAL,M,48,GEN,WPOI,2204,22,2226,168412,135686
32,THIRUVAMBADY,None of the Above,,,,NOTA,776,0,776,168412,135686
32,THIRUVAMBADY,SIMON THONAKKARA,M,56,GEN,IND,639,2,641,168412,135686
32,THIRUVAMBADY,T P MOHAMMED,M,49,GEN,SDPI,569,0,569,168412,135686
32,THIRUVAMBADY,NOUSHAD KODIYATHOOR,M,43,GEN,PDP,517,0,517,168412,135686
32,THIRUVAMBADY,SIBI VAYALIL,M,45,GEN,IND,425,1,426,168412,135686
32,THIRUVAMBADY,C M UMMER CHOKLIYIL,M,43,GEN,IND,77,0,77,168412,135686
32,THIRUVAMBADY,UMMAR VILANGOT,M,32,GEN,IND,65,0,65,168412,135686
33,KONDOTTY,T.V. IBRAHIM,M,50,GEN,IUML,69229,439,69668,188358,149554
33,KONDOTTY,K.P. BEERANKUTTY,M,68,GEN,IND,58706,308,59014,188358,149554
33,KONDOTTY,K.RAMACHANDRAN,M,55,GEN,BJP,12478,35,12513,188358,149554
33,KONDOTTY,NAZARUDHEEN ELAMARAM,M,48,GEN,SDPI,3660,7,3667,188358,149554
33,KONDOTTY,SALEEM VAZHAKKAD,M,46,GEN,WPOI,2311,33,2344,188358,149554
33,KONDOTTY,None of the Above,,,,NOTA,581,0,581,188358,149554
33,KONDOTTY,ABDUL GAFFOOR VAVOOR,M,42,GEN,PDP,566,0,566,188358,149554
33,KONDOTTY,K.P. VEERANKUTTY,M,39,GEN,IND,441,1,442,188358,149554
33,KONDOTTY,SULFIKAR ALI AMBAL,M,43,GEN,IND,316,0,316,188358,149554
33,KONDOTTY,KADEEJA,F,50,GEN,IND,267,0,267,188358,149554
33,KONDOTTY,IBRAHIM CHOLAKKAD,M,45,GEN,IND,176,0,176,188358,149554
34,ERANAD,P.K BASHEER,M,55,GEN,IUML,68572,476,69048,166044,135850
34,ERANAD,K.T.ABDURAHIMAN,M,40,GEN,IND,55831,324,56155,166044,135850
34,ERANAD,K P BABURAJ MASTER THUNDATHIL,M,51,GEN,BJP,6030,25,6055,166044,135850
34,ERANAD,ADV. UMMER CHELAKKODE,M,46,GEN,SP,1293,5,1298,166044,135850
34,ERANAD,VELAYUDHAN,M,58,SC,BSP,875,10,885,166044,135850
34,ERANAD,K.T. ABDUL RAHIMAN,M,59,GEN,IND,825,0,825,166044,135850
34,ERANAD,FAROOQ CHENGARA,M,33,GEN,PDP,536,0,536,166044,135850
34,ERANAD,None of the Above,,,,NOTA,461,0,461,166044,135850
34,ERANAD,V. K. BASHEER VALLAKKAATT THODI,M,50,GEN,IND,245,0,245,166044,135850
34,ERANAD,SHAHANAS,F,26,GEN,IND,193,0,193,166044,135850
34,ERANAD,P. K. BASHEER PALATTUKUYYAN,M,38,GEN,IND,149,0,149,166044,135850
35,NILAMBUR,P V ANVAR,M,47,GEN,IND,77415,443,77858,206132,162503
35,NILAMBUR,ARYADAN SHOUKATH,M,51,GEN,INC,66025,329,66354,206132,162503
35,NILAMBUR,GIRISH MEKKATT,M,44,GEN,BDJS,12245,39,12284,206132,162503
35,NILAMBUR,K BABU MANI,M,49,GEN,SDPI,4748,3,4751,206132,162503
35,NILAMBUR,None of the Above,,,,NOTA,1255,1,1256,206132,162503
36,WANDOOR,A.P.ANIL KUMAR,M,51,SC,INC,81731,233,81964,210149,155840
36,WANDOOR,K.NISHANTH,M,39,SC,CPM,57892,208,58100,210149,155840
36,WANDOOR,SUNITHA MOHANDAS,F,42,SC,BJP,9444,27,9471,210149,155840
36,WANDOOR,KRISHNAN KUNIYIL,M,53,SC,WPOI,3357,42,3399,210149,155840
36,WANDOOR,KRISHNAN ERANHIKKAL,M,43,SC,SDPI,1176,2,1178,210149,155840
36,WANDOOR,VELAYUDHAN VENNIYUR,M,58,SC,PDP,920,0,920,210149,155840
36,WANDOOR,None of the Above,,,,NOTA,808,0,808,210149,155840
37,MANJERI,ADV. M UMMER,M,62,GEN,IUML,69602,177,69779,190277,138946
37,MANJERI,ADV. K.MOHANDAS,M,50,GEN,CPI,49937,226,50163,190277,138946
37,MANJERI,ADV. C.DINESH,M,40,GEN,BJP,11179,44,11223,190277,138946
37,MANJERI,K.A. SAVAD,M,35,GEN,WPOI,2470,33,2503,190277,138946
37,MANJERI,DR.C.H. ASHRAF,M,50,GEN,SDPI,2354,3,2357,190277,138946
37,MANJERI,MOYIN BAPPU,M,86,GEN,PDP,1121,0,1121,190277,138946
37,MANJERI,None of the Above,,,,NOTA,912,1,913,190277,138946
37,MANJERI,V.M. MUSTHAFA,M,41,GEN,IND,886,1,887,190277,138946
38,PERINTHALMANNA,MANJALAMKUZHI ALI,M,63,GEN,IUML,70751,239,70990,194976,151411
38,PERINTHALMANNA,V.SASIKUMAR,M,54,GEN,CPM,70043,368,70411,194976,151411
38,PERINTHALMANNA,ADV. M.K. SUNIL,M,39,GEN,BJP,5904,13,5917,194976,151411
38,PERINTHALMANNA,SALEEM MAMPAD,M,44,GEN,WPOI,1741,16,1757,194976,151411
38,PERINTHALMANNA,SUNIYA SIRAJ,F,38,GEN,SDPI,696,2,698,194976,151411
38,PERINTHALMANNA,PALATHINGAL ABOOBACKER,M,37,GEN,IND,671,0,671,194976,151411
38,PERINTHALMANNA,None of the Above,,,,NOTA,507,0,507,194976,151411
38,PERINTHALMANNA,SAYYID MUSTHAFA POOKOYA THANGAL,M,52,GEN,PDP,335,0,335,194976,151411
38,PERINTHALMANNA,ANWAR SHAKEEL OMAR,M,52,GEN,IND,125,0,125,194976,151411
39,MANKADA,T A AHAMMED KABEER,M,60,GEN,IUML,68784,381,69165,194496,150099
39,MANKADA,ADV. T K RASHEED ALI,M,45,GEN,CPM,67248,409,67657,194496,150099
39,MANKADA,B RATHEESH,M,32,GEN,BJP,6622,19,6641,194496,150099
39,MANKADA,HAMEED VANIYAMBALAM,M,46,GEN,WPOI,3919,80,3999,194496,150099
39,MANKADA,A A RAHEEM,M,41,GEN,SDPI,1449,7,1456,194496,150099
39,MANKADA,None of the Above,,,,NOTA,479,0,479,194496,150099
39,MANKADA,O T SHIHAB,M,32,GEN,PDP,273,0,273,194496,150099
39,MANKADA,AHAMED KABEER MUTTENGADAN,M,36,GEN,IND,218,0,218,194496,150099
39,MANKADA,M.K AHAMMEDUL KABEER,M,27,GEN,IND,119,0,119,194496,150099
39,MANKADA,ANWAR SHAKEEL OMAR,M,52,GEN,IND,92,0,92,194496,150099
40,MALAPPURAM,P UBAIDULLA,M,56,GEN,IUML,80695,377,81072,193761,141833
40,MALAPPURAM,ADV. K P SUMATHI,F,48,GEN,CPM,45068,332,45400,193761,141833
40,MALAPPURAM,BADUSHA THANGAL K.N,M,39,GEN,BJP,7190,21,7211,193761,141833
40,MALAPPURAM,E.C. AYISHA,F,53,GEN,WPOI,3285,45,3330,193761,141833
40,MALAPPURAM,JALEEL NEELAMBRA,M,60,GEN,SDPI,2430,14,2444,193761,141833
40,MALAPPURAM,ASHRAF PULPATTA,M,40,GEN,PDP,1549,1,1550,193761,141833
40,MALAPPURAM,None of the Above,,,,NOTA,824,2,826,193761,141833
41,VENGARA,P.K. KUNHALIKKUTTY,M,64,GEN,IUML,72041,140,72181,169639,120276
41,VENGARA,ADV. P.P. BASHEER,M,49,GEN,CPM,34052,72,34124,169639,120276
41,VENGARA,P.T. ALI HAJI,M,66,GEN,BJP,7046,9,7055,169639,120276
41,VENGARA,KALLAN ABOOBACKER MASTER,M,48,GEN,SDPI,3048,1,3049,169639,120276
41,VENGARA,SURENDRAN KARIPPUZHA,M,46,GEN,WPOI,1844,20,1864,169639,120276
41,VENGARA,SUBAIR SWABAHI,M,47,GEN,PDP,1472,0,1472,169639,120276
41,VENGARA,None of the Above,,,,NOTA,530,1,531,169639,120276
42,VALLIKKUNNU,ABDUL HAMEED MASTER,M,68,GEN,IUML,59470,250,59720,183645,137484
42,VALLIKKUNNU,ADV. O.K. THANGAL,M,53,GEN,INL,46808,302,47110,183645,137484
42,VALLIKKUNNU,JANACHANDRAN MASTER,M,64,GEN,BJP,22766,121,22887,183645,137484
42,VALLIKKUNNU,NISSAR METHAR,M,33,GEN,PDP,2975,0,2975,183645,137484
42,VALLIKKUNNU,HANEEFA HAJI,M,56,GEN,SDPI,2495,4,2499,183645,137484
42,VALLIKKUNNU,None of the Above,,,,NOTA,750,2,752,183645,137484
42,VALLIKKUNNU,PRAVEEN KUMAR,M,31,SC,BSP,701,4,705,183645,137484
42,VALLIKKUNNU,ANSAS KODAKKATTAKATH,M,34,GEN,CPIM,261,1,262,183645,137484
42,VALLIKKUNNU,ADV. BALAKRISHNAN MANEERI,M,59,SC,IND,190,2,192,183645,137484
42,VALLIKKUNNU,ABOOBACKER ALIAS K.K. ABOO,M,69,GEN,IND,176,0,176,183645,137484
42,VALLIKKUNNU,ABDUL NAZER,M,41,GEN,IND,106,0,106,183645,137484
42,VALLIKKUNNU,V.P. PADMAKUMAR,M,44,GEN,IND,100,0,100,183645,137484
43,TIRURANGADI,P.K ABDU RABB,M,67,GEN,IUML,62764,163,62927,182849,135246
43,TIRURANGADI,NIYAS PULIKKALAKATH,M,43,GEN,IND,56724,160,56884,182849,135246
43,TIRURANGADI,P.V GEETHA MADHAVAN,F,61,GEN,BJP,8021,25,8046,182849,135246
43,TIRURANGADI,ADV. K.C NASEER,M,37,GEN,SDPI,2478,0,2478,182849,135246
43,TIRURANGADI,MALIYATT ABDURAZAK HAJI,M,50,GEN,PDP,1902,0,1902,182849,135246
43,TIRURANGADI,MINU MUMTHAZ,F,48,GEN,WPOI,1259,11,1270,182849,135246
43,TIRURANGADI,None of the Above,,,,NOTA,629,1,630,182849,135246
43,TIRURANGADI,NIYAS PAROLI,M,28,GEN,IND,541,0,541,182849,135246
43,TIRURANGADI,HANEEFA,M,34,GEN,IND,294,0,294,182849,135246
43,TIRURANGADI,NIYAS THAZHATHETHIL,M,28,GEN,IND,181,0,181,182849,135246
43,TIRURANGADI,YOONUS SALEEM POOZHITHARA,M,41,GEN,CPIM,93,0,93,182849,135246
44,TANUR,V ABDURAHIMAN,M,53,GEN,NSC,64277,195,64472,176077,140838
44,TANUR,ABDURAHIMAN RANDATHANI,M,55,GEN,IUML,59428,126,59554,176077,140838
44,TANUR,P.R.RASMILNATH,M,39,GEN,BJP,11031,20,11051,176077,140838
44,TANUR,ASHARAF VAILATHUR,M,45,GEN,WPOI,1287,4,1291,176077,140838
44,TANUR,K.K. MAJEED KHASIMI,M,42,GEN,SDPI,1150,1,1151,176077,140838
44,TANUR,ANWAR PANNIKKANDATHIL,M,39,GEN,PDP,858,0,858,176077,140838
44,TANUR,P.T. UNNI,M,47,GEN,IND,708,0,708,176077,140838
44,TANUR,V ABDURAHIMAN VAYANGATIL,M,58,GEN,IND,672,0,672,176077,140838
44,TANUR,None of the Above,,,,NOTA,569,0,569,176077,140838
44,TANUR,V.ABDURAHIMAN VARIKKOTTIL,M,60,GEN,IND,172,0,172,176077,140838
44,TANUR,N RAMAKRISHNAN MASTER,M,72,GEN,IND,139,0,139,176077,140838
44,TANUR,THAMI,M,70,SC,IND,81,0,81,176077,140838
44,TANUR,V ABDURAHIMAN VAYARAKATH,M,50,GEN,IND,66,0,66,176077,140838
44,TANUR,ABDURAHIMAN PUTHANMALIYEKKAL,M,49,GEN,IND,54,0,54,176077,140838
45,TIRUR,C. MAMMUTTY (E),M,56,GEN,IUML,73229,203,73432,205287,156754
45,TIRUR,GAFOOR P LILLIS,M,46,GEN,NSC,66153,218,66371,205287,156754
45,TIRUR,M.K. DEVIDASAN,M,45,GEN,BJP,9071,12,9083,205287,156754
45,TIRUR,GANESH VADERI,M,45,GEN,WPOI,1993,8,2001,205287,156754
45,TIRUR,IBRAHIM TIRUR,M,62,GEN,SDPI,1828,0,1828,205287,156754
45,TIRUR,ADV. SHAMEER PAYYANANGADI,M,36,GEN,PDP,1275,1,1276,205287,156754
45,TIRUR,E.K. GAFOOR,M,38,GEN,IND,791,0,791,205287,156754
45,TIRUR,None of the Above,,,,NOTA,691,1,692,205287,156754
45,TIRUR,MAMMUTTY MUYYARIKANDI,M,46,GEN,IND,485,0,485,205287,156754
45,TIRUR,SAHADEVAN,M,52,GEN,IND,402,0,402,205287,156754
45,TIRUR,MAMMUTTY KOOLIPARAMBAN,M,69,GEN,IND,201,0,201,205287,156754
45,TIRUR,MAMMUTTY MANDAMKANDI,M,55,GEN,IND,132,0,132,205287,156754
45,TIRUR,BAPPU VADAKKAYIL,M,53,GEN,IND,60,0,60,205287,156754
46,KOTTAKKAL,ABID HUSSAIN THANGAL,M,55,GEN,IUML,71494,274,71768,198872,148473
46,KOTTAKKAL,N.A. MUHAMMED KUTTY (MAMMOOTY),M,56,GEN,NCP,56439,287,56726,198872,148473
46,KOTTAKKAL,V. UNNIKRISHNAN MASTER,M,50,GEN,BJP,13176,29,13205,198872,148473
46,KOTTAKKAL,NEYYATHOOR KUNHIMOHAMED,M,41,GEN,PDP,2763,0,2763,198872,148473
46,KOTTAKKAL,K.P.O RAHMATHULLA,M,52,GEN,SDPI,1714,5,1719,198872,148473
46,KOTTAKKAL,None of the Above,,,,NOTA,805,1,806,198872,148473
46,KOTTAKKAL,C. MUHAMMED KUTTY,M,60,GEN,IND,579,0,579,198872,148473
46,KOTTAKKAL,VILLAN MOHAMMED KUTTY,M,50,GEN,IND,429,0,429,198872,148473
46,KOTTAKKAL,BINDU DEVARAJAN,F,47,GEN,IND,223,0,223,198872,148473
46,KOTTAKKAL,SAINUL ABID THANGAL,M,34,GEN,IND,150,0,150,198872,148473
46,KOTTAKKAL,BEERAN.K,M,40,GEN,IND,105,0,105,198872,148473
47,THAVANUR,DR. K.T. JALEEL,M,48,GEN,IND,67830,349,68179,184868,142125
47,THAVANUR,IFTHIQUARUDHEEN. MASTER,M,37,GEN,INC,50949,166,51115,184868,142125
47,THAVANUR,RAVI THELATH,M,40,GEN,BJP,15780,21,15801,184868,142125
47,THAVANUR,P.K. JALEEL PARAKKUZHIYIL,M,45,GEN,SDPI,2648,1,2649,184868,142125
47,THAVANUR,ALI KADAMPUZHA,M,49,GEN,PDP,1077,0,1077,184868,142125
47,THAVANUR,MUHAMMED PONNANI,M,55,GEN,WPOI,1000,7,1007,184868,142125
47,THAVANUR,IFTHIKARUDHEEN P. P,M,53,GEN,IND,601,0,601,184868,142125
47,THAVANUR,None of the Above,,,,NOTA,473,0,473,184868,142125
47,THAVANUR,APPUNNI. O.V,M,61,SC,IND,441,2,443,184868,142125
47,THAVANUR,K.T. JALEEL KANHIRATHODIKA,M,25,GEN,IND,272,0,272,184868,142125
47,THAVANUR,K.A. JALEEL KOTTILIL,M,44,GEN,IND,251,0,251,184868,142125
47,THAVANUR,SONIA PINTO,F,33,GEN,IND,133,0,133,184868,142125
47,THAVANUR,K.T. JALEEL KUNNATHODI,M,41,GEN,IND,124,0,124,184868,142125
48,PONNANI,P. SREERAMAKRISHNAN,M,48,GEN,CPM,69097,235,69332,190774,141763
48,PONNANI,P.T.AJAI MOHAN,M,51,GEN,INC,53581,111,53692,190774,141763
48,PONNANI,K.K. SURENDRAN,M,54,GEN,BJP,11653,9,11662,190774,141763
48,PONNANI,M.M. SHAKKIR,M,44,GEN,WPOI,2035,13,2048,190774,141763
48,PONNANI,M. MOIDUNNI HAJI,M,51,GEN,PDP,1857,0,1857,190774,141763
48,PONNANI,ABDUL FATHAH,M,40,GEN,SDPI,1657,2,1659,190774,141763
48,PONNANI,None of the Above,,,,NOTA,604,0,604,190774,141763
48,PONNANI,SINDHUKUMARI P S,F,45,GEN,IND,386,0,386,190774,141763
48,PONNANI,AJAY MOHAN,M,41,GEN,IND,240,0,240,190774,141763
48,PONNANI,RAMAKRISHNAN PUDUSSERY,M,40,GEN,IND,140,0,140,190774,141763
48,PONNANI,RAMAKRISHNAN NJAVANENGHAT,M,56,GEN,IND,82,0,82,190774,141763
48,PONNANI,KOYILAN RAMAKRISHNAN,M,50,SC,IND,61,0,61,190774,141763
49,THRITHALA,V.T. BALRAM,M,37,GEN,INC,66379,126,66505,178784,141021
49,THRITHALA,SUBAIDA ISHAC,F,47,GEN,CPM,55728,230,55958,178784,141021
49,THRITHALA,PROF.V.T.REMA,F,58,GEN,BJP,14496,14,14510,178784,141021
49,THRITHALA,C.P.MOHAMMEDALI,M,40,GEN,SDPI,1313,0,1313,178784,141021
49,THRITHALA,SUBAIDA,F,38,GEN,IND,1080,0,1080,178784,141021
49,THRITHALA,None of the Above,,,,NOTA,549,0,549,178784,141021
49,THRITHALA,MOIDEENKUTTY POOKKATH,M,38,GEN,PDP,541,0,541,178784,141021
49,THRITHALA,VINOD PERUMANNOOR,M,33,SC,BSP,365,1,366,178784,141021
49,THRITHALA,BALARAM,M,53,GEN,IND,199,0,199,178784,141021
50,PATTAMBI,MUHAMMED MUHASSIN,M,30,GEN,CPI,63790,235,64025,179873,140119
50,PATTAMBI,C  P MOHAMMED,M,63,GEN,INC,56490,131,56621,179873,140119
50,PATTAMBI,ADV.P. MANOJ,M,45,GEN,BJP,14787,37,14824,179873,140119
50,PATTAMBI,ABDUL RAOOF C,M,31,GEN,SDPI,1848,0,1848,179873,140119
50,PATTAMBI,M A  MOIDEENKUTTY  MASTER,M,42,GEN,WPOI,808,7,815,179873,140119
50,PATTAMBI,MUHSIN,M,26,GEN,IND,525,0,525,179873,140119
50,PATTAMBI,None of the Above,,,,NOTA,434,1,435,179873,140119
50,PATTAMBI,ABOOBACKER P,M,32,GEN,PDP,422,0,422,179873,140119
50,PATTAMBI,MUHASIN,M,27,GEN,IND,315,0,315,179873,140119
50,PATTAMBI,MUHAMMED CHERUVASSERI PALLIYALIL,M,65,GEN,IND,126,0,126,179873,140119
50,PATTAMBI,MOHAMED MUSHIN P,M,25,GEN,IND,101,0,101,179873,140119
50,PATTAMBI,NOBY AUGUSTINE,F,32,GEN,IND,61,1,62,179873,140119
51,SHORNUR,P.K.SASI,M,59,GEN,CPM,65832,333,66165,184867,141662
51,SHORNUR,C.SANGEETHA,F,39,GEN,INC,41487,131,41618,184867,141662
51,SHORNUR,V.P.CHANDRAN,M,69,GEN,BDJS,28784,52,28836,184867,141662
51,SHORNUR,M SAIDALAVI,M,42,GEN,SDPI,1246,0,1246,184867,141662
51,SHORNUR,HARISH MUHAMMED,M,30,GEN,IND,882,0,882,184867,141662
51,SHORNUR,None of the Above,,,,NOTA,800,0,800,184867,141662
51,SHORNUR,ANANDAN K K,M,31,SC,BSP,762,2,764,184867,141662
51,SHORNUR,A.RADHAKRISHNAN,M,48,SC,IND,693,4,697,184867,141662
51,SHORNUR,P.K.ANUMON,M,33,GEN,SHS,407,0,407,184867,141662
51,SHORNUR,MOINDEENSHA MOLOOR,M,25,GEN,IND,247,0,247,184867,141662
52,OTTAPALAM,P UNNI,M,68,GEN,CPM,66787,374,67161,197646,150212
52,OTTAPALAM,ADV.SHANIMOL OSMAN,F,49,GEN,INC,50861,212,51073,197646,150212
52,OTTAPALAM,P VENUGOPALAN,M,52,GEN,BJP,27549,56,27605,197646,150212
52,OTTAPALAM,A A SULFIKAR,M,36,GEN,SDPI,1166,0,1166,197646,150212
52,OTTAPALAM,None of the Above,,,,NOTA,1010,2,1012,197646,150212
52,OTTAPALAM,K T PADMINI,F,43,SC,BSP,811,0,811,197646,150212
52,OTTAPALAM,S R PRAKASH,M,47,GEN,IND,802,3,805,197646,150212
52,OTTAPALAM,M S SUNEESH,M,31,GEN,SHS,399,0,399,197646,150212
52,OTTAPALAM,SURESH VELAYUDHAN,M,41,GEN,IND,180,0,180,197646,150212
53,KONGAD,K.V.VIJAYADAS,M,57,SC,CPM,60477,313,60790,173779,134061
53,KONGAD,PANDALAM SUDHAKARAN,M,60,SC,INC,47363,156,47519,173779,134061
53,KONGAD,RENU SURESH,F,39,SC,BJP,23753,47,23800,173779,134061
53,KONGAD,None of the Above,,,,NOTA,1160,3,1163,173779,134061
53,KONGAD,RAMESH P.V KANNAMPARIYARAM,M,40,SC,BSP,786,3,789,173779,134061
54,MANNARKAD,ADV.N.SAMSUDHEEN,M,46,GEN,IUML,72886,277,73163,189455,148498
54,MANNARKAD,K.P. SURESH RAJ,M,46,GEN,CPI,60510,328,60838,189455,148498
54,MANNARKAD,KESAVADEV PUTHUMANA,M,49,GEN,BDJS,10157,13,10170,189455,148498
54,MANNARKAD,M SULAIMAN,M,43,GEN,WPOI,1102,10,1112,189455,148498
54,MANNARKAD,None of the Above,,,,NOTA,927,0,927,189455,148498
54,MANNARKAD,SHAMSUDHEEN THOTTASSERY,M,29,GEN,IND,622,0,622,189455,148498
54,MANNARKAD,AJIKUMAR. K,M,44,GEN,CPIM,478,0,478,189455,148498
54,MANNARKAD,GEORGE KUTTY. E.V,M,44,GEN,IND,445,0,445,189455,148498
54,MANNARKAD,A YOOSAF ALANALLUR,M,48,GEN,SDPI,412,0,412,189455,148498
54,MANNARKAD,SURESH BABU. M,M,34,GEN,SHS,330,1,331,189455,148498
55,MALAMPUZHA,V S ACHUTHANANDAN  E,M,92,GEN,CPM,72857,442,73299,202828,159710
55,MALAMPUZHA,C.KRISHNAKUMAR,M,45,GEN,BJP,45948,209,46157,202828,159710
55,MALAMPUZHA,V S JOY,M,30,GEN,INC,35209,124,35333,202828,159710
55,MALAMPUZHA,C P SREEDHARAN,M,45,GEN,ADMK,3153,1,3154,202828,159710
55,MALAMPUZHA,None of the Above,,,,NOTA,924,0,924,202828,159710
55,MALAMPUZHA,RAVI PALLATHERI,M,34,SC,BSP,323,3,326,202828,159710
55,MALAMPUZHA,RAMESH PUDUPPARIYARAM,M,35,SC,IND,297,0,297,202828,159710
55,MALAMPUZHA,S. SARAVANAN,M,37,SC,IND,220,0,220,202828,159710
56,PALAKKAD,SHAFI  PARAMBIL,M,33,GEN,INC,57299,260,57559,178387,137804
56,PALAKKAD,SOBHA  SURENDRAN,F,42,GEN,BJP,39910,166,40076,178387,137804
56,PALAKKAD,N N KRISHNADAS,M,57,GEN,CPM,38393,282,38675,178387,137804
56,PALAKKAD,None of the Above,,,,NOTA,719,0,719,178387,137804
56,PALAKKAD,HARI ARUMBIL,M,33,SC,BSP,410,1,411,178387,137804
56,PALAKKAD,DR. M. N. ANUVARUDHEEN,M,56,GEN,IND,361,3,364,178387,137804
57,TARUR,A.K.BALAN,M,67,SC,CPM,66758,289,67047,164236,128310
57,TARUR,C.PRAKASH,M,50,SC,INC,43835,144,43979,164236,128310
57,TARUR,K V DIVAKARAN,M,37,SC,BJP,15471,22,15493,164236,128310
57,TARUR,None of the Above,,,,NOTA,1125,3,1128,164236,128310
57,TARUR,NARAYANANKUTTY K T,M,29,SC,BSP,663,0,663,164236,128310
58,CHITTUR,K KRISHNANKUTTY,M,71,GEN,JD(S),68882,388,69270,185995,154280
58,CHITTUR,K ACHUTHAN,M,66,GEN,INC,61819,166,61985,185995,154280
58,CHITTUR,SASIKUMAR M,M,32,GEN,BJP,12521,16,12537,185995,154280
58,CHITTUR,MAYILSAMY,M,55,GEN,ADMK,6209,3,6212,185995,154280
58,CHITTUR,None of the Above,,,,NOTA,1258,2,1260,185995,154280
58,CHITTUR,SANTHA,F,42,SC,IND,679,0,679,185995,154280
58,CHITTUR,KRISHNANKUTTY KUNNATH HOUSE,M,69,GEN,IND,672,0,672,185995,154280
58,CHITTUR,P C RAMACHANDRAN,M,34,SC,BSP,571,0,571,185995,154280
58,CHITTUR,ACHUTHAN THANKANIVAS,M,34,GEN,IND,495,0,495,185995,154280
58,CHITTUR,A RAJEENA,F,32,GEN,SUCI,441,1,442,185995,154280
58,CHITTUR,A KRISHNANKUTTY ARAMURI,M,45,SC,IND,157,0,157,185995,154280
59,NENMARA,K. BABU,M,52,GEN,CPM,65796,520,66316,190765,154578
59,NENMARA,A.V.GOPINATHAN,M,63,GEN,INC,58672,236,58908,190765,154578
59,NENMARA,N.SIVARAJAN,M,60,GEN,BJP,23065,31,23096,190765,154578
59,NENMARA,MENAKA.K,F,49,GEN,ADMK,2185,1,2186,190765,154578
59,NENMARA,None of the Above,,,,NOTA,1051,2,1053,190765,154578
59,NENMARA,AJITH KUMAR,M,40,SC,WPOI,771,1,772,190765,154578
59,NENMARA,SAKKIRHUSSAIN.S,M,45,GEN,SDPI,487,0,487,190765,154578
59,NENMARA,MOHANDASAN,M,42,SC,IND,461,0,461,190765,154578
59,NENMARA,BABU CHATHAN,M,35,GEN,IND,324,0,324,190765,154578
59,NENMARA,BABU KUMARAN,M,39,GEN,IND,239,0,239,190765,154578
59,NENMARA,BABU THATHAKUTTY,M,45,GEN,IND,233,0,233,190765,154578
59,NENMARA,BABU VASU,M,42,GEN,IND,204,0,204,190765,154578
59,NENMARA,M.VINOD,M,33,GEN,SHS,168,0,168,190765,154578
59,NENMARA,M.B.GOPINATHAN,M,59,GEN,IND,131,0,131,190765,154578
60,ALATHUR,K.D.PRASENAN,M,50,GEN,CPM,70825,381,71206,165294,128639
60,ALATHUR,ADV.K KUSALAKUMAR,M,51,GEN,KEC(M),35067,79,35146,165294,128639
60,ALATHUR,M P SREEKUMAR MASTER,M,48,GEN,BJP,19575,35,19610,165294,128639
60,ALATHUR,None of the Above,,,,NOTA,1073,3,1076,165294,128639
60,ALATHUR,KRISHNANKUTTY.K,M,41,GEN,BSP,1008,2,1010,165294,128639
60,ALATHUR,KRISHNANKUTTY KUNISSERY,M,49,GEN,IND,326,0,326,165294,128639
60,ALATHUR,M RAJESH,M,31,GEN,IND,265,0,265,165294,128639
61,CHELAKKARA,U R PRADEEP,M,42,SC,CPM,67544,227,67771,190919,151225
61,CHELAKKARA,THULASI,F,43,SC,INC,57434,137,57571,190919,151225
61,CHELAKKARA,SHAJUMON P P,M,42,SC,BJP,23810,35,23845,190919,151225
61,CHELAKKARA,A SUBRAMANIAN,M,52,SC,SDPI,1116,0,1116,190919,151225
61,CHELAKKARA,None of the Above,,,,NOTA,922,0,922,190919,151225
62,KUNNAMKULAM,A C MOIDEEN(E),M,60,GEN,CPM,62974,300,63274,191274,150925
62,KUNNAMKULAM,C P JOHN,M,59,GEN,CMPKSC,55238,254,55492,191274,150925
62,KUNNAMKULAM,ANEESHKUMAR K K,M,37,GEN,BJP,29287,38,29325,191274,150925
62,KUNNAMKULAM,JILEEF,M,35,GEN,SDPI,1204,0,1204,191274,150925
62,KUNNAMKULAM,SULAIMAN,M,56,GEN,PDP,710,0,710,191274,150925
62,KUNNAMKULAM,None of the Above,,,,NOTA,648,5,653,191274,150925
62,KUNNAMKULAM,SCHARIACHAN P C,M,52,GEN,IND,267,0,267,191274,150925
63,GURUVAYOOR,K.V. ABDUL KHADER,M,52,GEN,CPM,65939,149,66088,201801,147650
63,GURUVAYOOR,ADV. P.M. SADIQALI,M,45,GEN,IUML,50913,77,50990,201801,147650
63,GURUVAYOOR,ADV. NIVEDIDA,F,45,GEN,BJP,25447,43,25490,201801,147650
63,GURUVAYOOR,P.R. SIYAD,M,40,GEN,SDPI,1406,0,1406,201801,147650
63,GURUVAYOOR,K.G.MOHANAN,M,58,GEN,WPOI,1380,2,1382,201801,147650
63,GURUVAYOOR,MUHAMMED RASHEED ARAKKAL,M,52,GEN,PDP,915,0,915,201801,147650
63,GURUVAYOOR,None of the Above,,,,NOTA,604,1,605,201801,147650
63,GURUVAYOOR,C.V. PREMRAJ,M,48,SC,SUCI,314,0,314,201801,147650
63,GURUVAYOOR,ABDUL KHADER KUMBILAVALAPPIL,M,59,GEN,IND,256,0,256,201801,147650
63,GURUVAYOOR,SASI ANJOOR,M,43,SC,IND,204,0,204,201801,147650
64,MANALUR,MURALI PERUNELLY,M,65,GEN,CPM,70090,332,70422,211930,162620
64,MANALUR,O.ABDU RAHIMANKUTTY,M,61,GEN,INC,50817,280,51097,211930,162620
64,MANALUR,A.N.RADHAKRISHNAN,M,55,GEN,BJP,37622,58,37680,211930,162620
64,MANALUR,HUSSAIR.K.K,M,41,GEN,SDPI,1178,2,1180,211930,162620
64,MANALUR,None of the Above,,,,NOTA,729,1,730,211930,162620
64,MANALUR,ABHAYAN.N.A,M,39,SC,BSP,585,3,588,211930,162620
64,MANALUR,MOIDUTTY HAJI,M,48,GEN,PDP,529,0,529,211930,162620
64,MANALUR,SHAJI KURIYAN. PANANGHAT,M,50,GEN,IND,261,1,262,211930,162620
64,MANALUR,SOMAN PILLAI,M,64,GEN,IND,132,0,132,211930,162620
65,WADAKKANCHERY,ANIL AKKARA,M,43,GEN,INC,65091,444,65535,197483,159781
65,WADAKKANCHERY,MARY THOMAS,F,57,GEN,CPM,64976,516,65492,197483,159781
65,WADAKKANCHERY,ADV. ULLAS BABU,M,34,GEN,BJP,26544,108,26652,197483,159781
65,WADAKKANCHERY,None of the Above,,,,NOTA,960,9,969,197483,159781
65,WADAKKANCHERY,GADDAFI A K,M,34,GEN,SDPI,476,1,477,197483,159781
65,WADAKKANCHERY,P K SUBRAMANIAN,M,65,SC,BSP,419,0,419,197483,159781
65,WADAKKANCHERY,ANIL,M,35,SC,IND,237,0,237,197483,159781
66,OLLUR,ADV. K. RAJAN,M,42,GEN,CPI,71271,395,71666,193404,150719
66,OLLUR,M P VINCENT,M,52,GEN,INC,58171,247,58418,193404,150719
66,OLLUR,P.K. SANTHOSH (LALA),M,44,GEN,BDJS,17650,44,17694,193404,150719
66,OLLUR,None of the Above,,,,NOTA,1146,5,1151,193404,150719
66,OLLUR,MAJEED MULLAKARA,M,48,GEN,PDP,694,2,696,193404,150719
66,OLLUR,SAJIMON MANJAMATTAM,M,47,GEN,CPIM,334,0,334,193404,150719
66,OLLUR,VINCENT M  D. MAROTTIKKAL,M,62,GEN,IND,279,0,279,193404,150719
66,OLLUR,K. G. RAJAN,M,63,GEN,IND,267,0,267,193404,150719
66,OLLUR,V. N. ASOKAN,M,58,GEN,IND,214,0,214,193404,150719
67,THRISSUR,ADV.V S SUNILKUMAR,M,46,GEN,CPI,53100,564,53664,172358,127191
67,THRISSUR,PADMAJA VENUGOPAL,F,55,GEN,INC,46365,312,46677,172358,127191
67,THRISSUR,ADV. B GOPALAKRISHNAN,M,53,GEN,BJP,24658,90,24748,172358,127191
67,THRISSUR,None of the Above,,,,NOTA,1126,2,1128,172358,127191
67,THRISSUR,DR. ANTONY J MALIAKAL,M,82,GEN,IND,255,1,256,172358,127191
67,THRISSUR,P.S.UNNIKRISHNAN,M,50,GEN,SP,226,0,226,172358,127191
67,THRISSUR,RAJI MANI,F,43,GEN,PDP,152,2,154,172358,127191
67,THRISSUR,S T PARAMASIVAN,M,56,GEN,IND,153,0,153,172358,127191
67,THRISSUR,M PRADEEPAN,M,42,GEN,SUCI,111,0,111,172358,127191
67,THRISSUR,SANTHAKUMARI K V,F,57,SC,IGP,74,0,74,172358,127191
68,NATTIKA,GEETHA GOPI,F,42,SC,CPI,69869,349,70218,196781,150512
68,NATTIKA,K.V. DASAN,M,56,SC,INC,43280,161,43441,196781,150512
68,NATTIKA,T.V. BABU,M,59,SC,BDJS,33561,89,33650,196781,150512
68,NATTIKA,None of the Above,,,,NOTA,900,3,903,196781,150512
68,NATTIKA,ARUMUGHAN SNEHATHEERAM,M,61,SC,PDP,534,0,534,196781,150512
68,NATTIKA,A.K. SANTHOSH,M,48,SC,BSP,529,1,530,196781,150512
68,NATTIKA,T.K.PRASAD,M,48,SC,IND,501,1,502,196781,150512
68,NATTIKA,N.M. PUSHPANGADHAN,M,56,SC,CPIM,253,0,253,196781,150512
68,NATTIKA,CHANDRAN VAKEEL,M,64,SC,IND,168,0,168,196781,150512
68,NATTIKA,NINU K. B.,F,26,SC,IND,163,0,163,196781,150512
68,NATTIKA,SIVADAS N,M,69,SC,IGP,150,0,150,196781,150512
69,KAIPAMANGALAM,E T TAISON MASTER,M,51,GEN,CPI,66529,295,66824,169907,134726
69,KAIPAMANGALAM,M T MUHAMMED NAHAS,M,30,GEN,RSP,33291,93,33384,169907,134726
69,KAIPAMANGALAM,UNNIKRISHNAN THASHNATH,M,49,GEN,BDJS,29976,65,30041,169907,134726
69,KAIPAMANGALAM,K K SHAJAHAN,M,42,GEN,WPOI,1989,13,2002,169907,134726
69,KAIPAMANGALAM,ABDUL KAREEM P M,M,56,GEN,PDP,623,1,624,169907,134726
69,KAIPAMANGALAM,None of the Above,,,,NOTA,565,0,565,169907,134726
69,KAIPAMANGALAM,K H MOHAMMED RAFEEK,M,45,GEN,SDP,564,0,564,169907,134726
69,KAIPAMANGALAM,P A KUTTAPPAN,M,59,GEN,IND,257,0,257,169907,134726
69,KAIPAMANGALAM,BIJU ITTITHARA,M,40,GEN,IND,238,0,238,169907,134726
69,KAIPAMANGALAM,N D VENU,M,42,GEN,CPIM,227,0,227,169907,134726
70,IRINJALAKKUDA,PROF. K.U. ARUNAN (E),M,68,GEN,CPM,59380,350,59730,191930,149324
70,IRINJALAKKUDA,ADV. THOMAS UNNIYADAN,M,57,GEN,KEC(M),56774,245,57019,191930,149324
70,IRINJALAKKUDA,SANTHOSH CHERAKULAM,M,51,GEN,BJP,30346,74,30420,191930,149324
70,IRINJALAKKUDA,None of the Above,,,,NOTA,856,1,857,191930,149324
70,IRINJALAKKUDA,V.C. UNNIKRISHNAN,M,57,SC,BSP,638,1,639,191930,149324
70,IRINJALAKKUDA,DAVIS CHATHELI,M,56,GEN,IND,344,1,345,191930,149324
70,IRINJALAKKUDA,AYYAPPAN MANAYKAL,M,53,SC,CPIM,314,0,314,191930,149324
71,PUTHUKKAD,PROF.C.RAVEENDRANATH,M,60,GEN,CPM,79032,432,79464,195265,158721
71,PUTHUKKAD,SUNDARAN KUNNATHULLY,M,50,GEN,INC,40857,129,40986,195265,158721
71,PUTHUKKAD,A NAGESH(PARAMESWARAN),M,47,GEN,BJP,35757,76,35833,195265,158721
71,PUTHUKKAD,None of the Above,,,,NOTA,778,1,779,195265,158721
71,PUTHUKKAD,ASIF NIYAS,M,34,GEN,PDP,519,0,519,195265,158721
71,PUTHUKKAD,C.V.VIJAYAN,M,47,SC,IND,431,0,431,195265,158721
71,PUTHUKKAD,SANTHOSH POLAKULATH,M,47,GEN,SHS,239,0,239,195265,158721
71,PUTHUKKAD,JAYAN KONIKKARA,M,49,SC,CPIM,237,0,237,195265,158721
71,PUTHUKKAD,SANTHOSH IYTHADAN,M,40,SC,IND,233,0,233,195265,158721
72,CHALAKKUDY,B. D. DEVASSY,M,65,GEN,CPM,73793,458,74251,190675,150394
72,CHALAKKUDY,T. U. RADHAKRISHNAN,M,62,GEN,INC,47410,193,47603,190675,150394
72,CHALAKKUDY,UNNIKRISHNAN. K. A,M,48,GEN,BDJS,26139,90,26229,190675,150394
72,CHALAKKUDY,None of the Above,,,,NOTA,739,0,739,190675,150394
72,CHALAKKUDY,AYYAPPAN VAZHAVALAPPIL,M,62,SC,BSP,561,0,561,190675,150394
72,CHALAKKUDY,JIJO,M,45,GEN,IND,367,0,367,190675,150394
72,CHALAKKUDY,SABU CHATHELY,M,38,GEN,IND,304,0,304,190675,150394
72,CHALAKKUDY,A. E. SABIRA,F,57,GEN,IND,191,0,191,190675,150394
72,CHALAKKUDY,N. A. DEVASSY NELLIPPILLY,M,61,GEN,IND,149,0,149,190675,150394
73,KODUNGALLUR,V R SUNILKUMAR,M,47,GEN,CPI,67491,418,67909,186847,148577
73,KODUNGALLUR,K P DHANAPALAN,M,66,GEN,INC,44954,164,45118,186847,148577
73,KODUNGALLUR,SANGEETHA,F,39,GEN,BDJS,32715,78,32793,186847,148577
73,KODUNGALLUR,None of the Above,,,,NOTA,883,3,886,186847,148577
73,KODUNGALLUR,MANAF A K,M,51,GEN,SDPI,558,0,558,186847,148577
73,KODUNGALLUR,RADHAKRISHNAN C K,M,45,SC,IND,411,0,411,186847,148577
73,KODUNGALLUR,SUBRAMANIAN,M,58,SC,BSP,367,0,367,186847,148577
73,KODUNGALLUR,RAJAN,M,63,GEN,IND,210,0,210,186847,148577
73,KODUNGALLUR,C S KRISHNAKUMAR,M,38,GEN,SUCI,200,0,200,186847,148577
73,KODUNGALLUR,JOSHY KUMAR K V,M,59,GEN,IND,125,0,125,186847,148577
74,PERUMBAVOOR,ADV. ELDHOSE KUNNAPPILLY,M,37,GEN,INC,64022,263,64285,172965,145727
74,PERUMBAVOOR,SAJU PAUL,M,47,GEN,CPM,56829,368,57197,172965,145727
74,PERUMBAVOOR,E S BIJU,M,45,GEN,BJP,19710,21,19731,172965,145727
74,PERUMBAVOOR,V K SHOUKKATH ALI,M,39,GEN,SDPI,2061,0,2061,172965,145727
74,PERUMBAVOOR,THOMAS K GEORGE,M,60,GEN,WPOI,970,1,971,172965,145727
74,PERUMBAVOOR,None of the Above,,,,NOTA,830,1,831,172965,145727
74,PERUMBAVOOR,JOHN PERUVANTHANAM,M,56,GEN,IND,385,0,385,172965,145727
74,PERUMBAVOOR,M M YOOSAF,M,40,GEN,IND,134,0,134,172965,145727
74,PERUMBAVOOR,P K SIVAN,M,44,SC,IND,132,0,132,172965,145727
75,ANGAMALY,ROJI M JOHN,M,34,GEN,INC,66490,176,66666,163696,136157
75,ANGAMALY,BENNY MOONJELY,M,52,GEN,JD(S),57212,268,57480,163696,136157
75,ANGAMALY,P J BABU,M,50,GEN,KEC,9004,10,9014,163696,136157
75,ANGAMALY,None of the Above,,,,NOTA,809,2,811,163696,136157
75,ANGAMALY,JAYANTHI AVINASH,F,39,GEN,BSP,742,0,742,163696,136157
75,ANGAMALY,M K KANJANAVALLY,F,54,GEN,SUCI,594,1,595,163696,136157
75,ANGAMALY,P R MANICKYAMANGALAM (P R MOHANAN),M,53,GEN,IND,385,0,385,163696,136157
75,ANGAMALY,SUNNY THOMAS MADASSERY,M,47,GEN,IND,245,0,245,163696,136157
75,ANGAMALY,SHAJAN THATTIL,M,40,GEN,SP,219,0,219,163696,136157
76,ALUVA,ANWAR SADATH,M,41,GEN,INC,69416,152,69568,176505,146805
76,ALUVA,ADV V SALEEM,M,45,GEN,CPM,50490,243,50733,176505,146805
76,ALUVA,LATHA GANGADHARAN,F,50,GEN,BJP,19322,27,19349,176505,146805
76,ALUVA,SAMAD P I,M,49,GEN,WPOI,2022,9,2031,176505,146805
76,ALUVA,JOSE MAVELY,M,65,GEN,IND,1725,1,1726,176505,146805
76,ALUVA,AJMAL ISMAIL,M,32,GEN,SDPI,1716,0,1716,176505,146805
76,ALUVA,None of the Above,,,,NOTA,748,2,750,176505,146805
76,ALUVA,NAZAR KODIKUTHUMALA,M,49,GEN,PDP,480,0,480,176505,146805
76,ALUVA,SHAMSUDHEEN C A,M,58,GEN,IND,138,0,138,176505,146805
76,ALUVA,A BRAHMAKUMAR,M,39,SC,SUCI,114,0,114,176505,146805
76,ALUVA,REJIMON,M,32,GEN,IND,114,0,114,176505,146805
76,ALUVA,KHALID MUNDAPPILLY,M,68,GEN,IND,86,0,86,176505,146805
77,KALAMASSERY,V K EBRAHIM KUNJU,M,63,GEN,IUML,68441,285,68726,190530,154882
77,KALAMASSERY,A M YOUSAF,M,64,GEN,CPM,56314,294,56608,190530,154882
77,KALAMASSERY,V GOPAKUMAR,M,46,GEN,BDJS,24206,38,24244,190530,154882
77,KALAMASSERY,SHAFEER MUHAMMED,M,36,GEN,SDPI,1706,0,1706,190530,154882
77,KALAMASSERY,PREMA  G PISHARADY,F,48,GEN,WPOI,1387,4,1391,190530,154882
77,KALAMASSERY,None of the Above,,,,NOTA,1081,0,1081,190530,154882
77,KALAMASSERY,V M ALIYAR,M,41,GEN,PDP,633,1,634,190530,154882
77,KALAMASSERY,UNNIKRISHNAN N A,M,45,SC,IND,182,0,182,190530,154882
77,KALAMASSERY,P K YOUSEF PANTHALAKKODATH,M,50,GEN,IND,155,0,155,190530,154882
77,KALAMASSERY,YUSSUF KODOPPILLY,M,53,GEN,IND,155,0,155,190530,154882
78,PARAVUR,V D SATHEESAN,M,51,GEN,INC,74606,379,74985,191307,160576
78,PARAVUR,SARADA MOHAN,F,62,GEN,CPI,53912,439,54351,191307,160576
78,PARAVUR,HARI VIJAYAN,M,54,GEN,BDJS,27982,115,28097,191307,160576
78,PARAVUR,FAIZAL,M,38,GEN,SDPI,923,0,923,191307,160576
78,PARAVUR,None of the Above,,,,NOTA,889,11,900,191307,160576
78,PARAVUR,SIJIKUMAR K K,M,41,GEN,BSP,556,1,557,191307,160576
78,PARAVUR,SHINSA SELVARAJ,F,26,SC,IND,302,0,302,191307,160576
78,PARAVUR,SATHYANESAN,M,49,SC,IND,261,0,261,191307,160576
78,PARAVUR,JOSE THOMAS,M,60,GEN,MCPI,200,0,200,191307,160576
79,VYPEN,S SARMA,M,62,GEN,CPM,68135,391,68526,164237,131169
79,VYPEN,K R SUBHASH,M,57,GEN,INC,49042,131,49173,164237,131169
79,VYPEN,VAMALOCHANAN K K,M,67,GEN,BDJS,10031,20,10051,164237,131169
79,VYPEN,JYOTHIVAS PARAVUR,M,43,SC,WPOI,1403,3,1406,164237,131169
79,VYPEN,None of the Above,,,,NOTA,908,2,910,164237,131169
79,VYPEN,MANJULADEVI,F,29,GEN,CPIM,248,0,248,164237,131169
79,VYPEN,RAJEEV NAAGAN,M,47,SC,APOI,230,1,231,164237,131169
79,VYPEN,SUBHASH K S,M,31,GEN,IND,217,0,217,164237,131169
79,VYPEN,K D VISWANATHAN,M,59,SC,PDP,183,0,183,164237,131169
79,VYPEN,KODICKAL SADASIVAN,M,41,GEN,IND,136,0,136,164237,131169
79,VYPEN,S D SATHEESH,M,48,GEN,IND,88,0,88,164237,131169
80,KOCHI,K J MAXY,M,53,GEN,CPM,47818,149,47967,171380,123954
80,KOCHI,DOMINIC PRESENTATION,M,67,GEN,INC,46798,83,46881,171380,123954
80,KOCHI,PRAVEEN DHAMODARA PRABHU,M,47,GEN,BJP,15191,21,15212,171380,123954
80,KOCHI,K J LEENUS,M,63,GEN,IND,7585,3,7588,171380,123954
80,KOCHI,A S MUHAMMED,M,51,GEN,WPOI,2354,3,2357,171380,123954
80,KOCHI,SULFIKAR ALI,M,40,GEN,SDPI,2108,0,2108,171380,123954
80,KOCHI,None of the Above,,,,NOTA,1001,1,1002,171380,123954
80,KOCHI,T P ANTONY,M,66,GEN,PDP,386,0,386,171380,123954
80,KOCHI,JOHNY STEPHEN,M,32,GEN,IND,180,0,180,171380,123954
80,KOCHI,JAYARAJ K S,M,28,SC,IND,172,0,172,171380,123954
80,KOCHI,ABDUL SAMAD,M,54,GEN,IND,101,0,101,171380,123954
81,THRIPUNITHURA,ADV. M SWARAJ,M,36,GEN,CPM,62346,351,62697,198245,154685
81,THRIPUNITHURA,K BABU,M,65,GEN,INC,58038,192,58230,198245,154685
81,THRIPUNITHURA,PROF. THURAVOOR VISWAMBHARAN,M,72,GEN,BJP,29751,92,29843,198245,154685
81,THRIPUNITHURA,None of the Above,,,,NOTA,1027,1,1028,198245,154685
81,THRIPUNITHURA,T A KAMARUDHEEN,M,38,GEN,BSP,682,1,683,198245,154685
81,THRIPUNITHURA,SUDHEER YOUSAF,M,35,GEN,SDPI,594,0,594,198245,154685
81,THRIPUNITHURA,PADMINI D NETTOOR,F,44,GEN,PDP,410,0,410,198245,154685
81,THRIPUNITHURA,SWARAJ MANICKATHAN,M,36,GEN,IND,394,0,394,198245,154685
81,THRIPUNITHURA,SAJU KOLATTUKUDY,M,46,GEN,IND,172,0,172,198245,154685
81,THRIPUNITHURA,SUDHA M P,F,48,GEN,SUCI,156,0,156,198245,154685
81,THRIPUNITHURA,SONIA JOSE,F,39,GEN,IND,128,0,128,198245,154685
81,THRIPUNITHURA,GIREESH BABU,M,42,GEN,IND,122,0,122,198245,154685
81,THRIPUNITHURA,K N PRADEEP,M,38,GEN,IND,116,0,116,198245,154685
81,THRIPUNITHURA,AYYAPPAN,M,41,GEN,IND,112,0,112,198245,154685
82,ERANAKULAM,HIBI EDEN,M,33,GEN,INC,57692,127,57819,154092,110508
82,ERANAKULAM,M ANIL KUMAR,M,41,GEN,CPM,35703,167,35870,154092,110508
82,ERANAKULAM,N K MOHANDAS,M,65,GEN,BJP,14848,30,14878,154092,110508
82,ERANAKULAM,None of the Above,,,,NOTA,938,2,940,154092,110508
82,ERANAKULAM,IQBAL THAMARASSERY,M,53,GEN,BSP,397,0,397,154092,110508
82,ERANAKULAM,RUBESH JIMMY MADATHIPRAMBAN,M,31,GEN,SP,258,0,258,154092,110508
82,ERANAKULAM,JOSSEY MATHEW,M,41,GEN,IND,117,0,117,154092,110508
82,ERANAKULAM,ANILKUMAR ANANTHAPURAM,M,45,GEN,IND,115,0,115,154092,110508
82,ERANAKULAM,ANILKUMAR PULIYOTH,M,48,GEN,IND,114,0,114,154092,110508
83,THRIKKAKARA,ADV.P T THOMAS            E,M,65,GEN,INC,61268,183,61451,181261,135304
83,THRIKKAKARA,DR.SEBASTIAN PAUL,M,69,GEN,CPM,49209,246,49455,181261,135304
83,THRIKKAKARA,S SAJI,M,45,GEN,BJP,21188,59,21247,181261,135304
83,THRIKKAKARA,None of the Above,,,,NOTA,1271,4,1275,181261,135304
83,THRIKKAKARA,K M SHAJAHAN,M,49,GEN,SDPI,956,0,956,181261,135304
83,THRIKKAKARA,ADV. SHIBU P A,M,40,SC,BSP,346,0,346,181261,135304
83,THRIKKAKARA,VINOD P K,M,39,SC,IND,175,0,175,181261,135304
83,THRIKKAKARA,SILVI SUNIL,F,40,GEN,IND,147,0,147,181261,135304
83,THRIKKAKARA,SREEDHARAN,M,67,SC,IND,82,0,82,181261,135304
83,THRIKKAKARA,LAL VISWAN,M,49,GEN,IND,60,0,60,181261,135304
83,THRIKKAKARA,RAHUL R,M,26,GEN,IND,58,0,58,181261,135304
83,THRIKKAKARA,P H RAMACHANDRAN,M,45,GEN,IND,52,0,52,181261,135304
84,KUNNATHUNAD,V P  SAJEENDRAN,M,46,SC,INC,65182,263,65445,172595,148317
84,KUNNATHUNAD,ADV. SHIJI SIVAJI,F,37,SC,CPM,62409,357,62766,172595,148317
84,KUNNATHUNAD,THURAVOOR SURESH,M,42,SC,BDJS,16407,52,16459,172595,148317
84,KUNNATHUNAD,N O KUTTAPPAN,M,59,SC,SP,1263,0,1263,172595,148317
84,KUNNATHUNAD,None of the Above,,,,NOTA,1178,1,1179,172595,148317
84,KUNNATHUNAD,ORNA KRISHNANKUTTY,M,56,SC,PDP,653,0,653,172595,148317
84,KUNNATHUNAD,SAJEENDRAN PARAPPURATH,M,50,SC,IND,436,0,436,172595,148317
84,KUNNATHUNAD,MANOJ,M,29,SC,CPI(ML)(L),116,0,116,172595,148317
85,PIRAVOM,ANOOP JACOB,M,38,GEN,KEC(J),73543,227,73770,200003,161170
85,PIRAVOM,M.J.JACOB,M,74,GEN,CPM,67169,406,67575,200003,161170
85,PIRAVOM,C.P.SATHYAN,M,60,GEN,BDJS,17454,49,17503,200003,161170
85,PIRAVOM,None of the Above,,,,NOTA,964,0,964,200003,161170
85,PIRAVOM,GIREESH,M,39,GEN,PPGP,485,0,485,200003,161170
85,PIRAVOM,K.O.SUDHEER,M,45,SC,SUCI,342,0,342,200003,161170
85,PIRAVOM,ANOOP,M,35,GEN,IND,298,0,298,200003,161170
85,PIRAVOM,RAJAN,M,45,SC,IND,233,0,233,200003,161170
86,MUVATTUPUZHA,ELDHO ABRAHAM,M,40,GEN,CPI,69801,468,70269,177939,142616
86,MUVATTUPUZHA,JOSEPH VAZHACKAN,M,59,GEN,INC,60624,270,60894,177939,142616
86,MUVATTUPUZHA,ADV. P J THOMAS,M,56,GEN,BJP,9726,33,9759,177939,142616
86,MUVATTUPUZHA,None of the Above,,,,NOTA,634,1,635,177939,142616
86,MUVATTUPUZHA,P K ABOOBACKAR THANGAL (KHAMARUDHEEN THANGAL),M,43,GEN,PDP,511,1,512,177939,142616
86,MUVATTUPUZHA,P P MOIDEENKUNJU,M,54,GEN,SDPI,425,1,426,177939,142616
86,MUVATTUPUZHA,JUSTIN T D,M,28,GEN,IND,121,0,121,177939,142616
87,KOTHAMANGALAM,ANTONY JOHN,M,33,GEN,CPM,64977,490,65467,159539,128427
87,KOTHAMANGALAM,CHEV. T.U.KURUVILLA,M,79,GEN,KEC(M),45926,259,46185,159539,128427
87,KOTHAMANGALAM,"P C CYRIAC, I.A.S.(RETD)",M,73,GEN,IND,12898,28,12926,159539,128427
87,KOTHAMANGALAM,PROF. ANAS N A,M,35,GEN,SDPI,1487,3,1490,159539,128427
87,KOTHAMANGALAM,None of the Above,,,,NOTA,802,1,803,159539,128427
87,KOTHAMANGALAM,YAHIYA THANGAL,M,41,GEN,PDP,775,0,775,159539,128427
87,KOTHAMANGALAM,T.K.KURUVILA THOTTATHIL,M,70,GEN,IND,357,0,357,159539,128427
87,KOTHAMANGALAM,ADV. CHERIAN ABRAHAM,M,46,GEN,IND,261,0,261,159539,128427
87,KOTHAMANGALAM,ANTO JOHNY,M,25,GEN,IND,163,0,163,159539,128427
88,DEVIKULAM,S RAJENDRAN,M,51,SC,CPM,49333,177,49510,164803,117382
88,DEVIKULAM,A K MONY,M,61,SC,INC,43617,111,43728,164803,117382
88,DEVIKULAM,R M DHANALAKSHMY,F,51,SC,ADMK,11611,2,11613,164803,117382
88,DEVIKULAM,N CHANDRAN,M,55,SC,BJP,9570,22,9592,164803,117382
88,DEVIKULAM,None of the Above,,,,NOTA,918,3,921,164803,117382
88,DEVIKULAM,J RAJESWARY,F,45,SC,IND,649,1,650,164803,117382
88,DEVIKULAM,RAJENDRAN R,M,34,SC,PDP,485,0,485,164803,117382
88,DEVIKULAM,C K GOVINDHAN,M,63,SC,IND,302,1,303,164803,117382
88,DEVIKULAM,K MANIKANDAN,M,41,SC,IND,267,0,267,164803,117382
88,DEVIKULAM,PANDIRAJ,M,51,SC,IND,184,0,184,164803,117382
88,DEVIKULAM,K P AYYAPPAN,M,63,SC,IND,129,0,129,164803,117382
89,UDUMBANCHOLA,M.M. MANI,M,71,GEN,CPM,50537,276,50813,166770,126018
89,UDUMBANCHOLA,ADV.SENAPATHY VENU,M,51,GEN,INC,49500,204,49704,166770,126018
89,UDUMBANCHOLA,SAJI PARAMBATH,M,36,GEN,BDJS,21741,58,21799,166770,126018
89,UDUMBANCHOLA,B.SOMAN,M,49,GEN,ADMK,1651,0,1651,166770,126018
89,UDUMBANCHOLA,SHANAVAS BAKER,M,39,GEN,SDPI,831,0,831,166770,126018
89,UDUMBANCHOLA,None of the Above,,,,NOTA,601,1,602,166770,126018
89,UDUMBANCHOLA,RAJU MANJAKKUNNEL,M,59,GEN,BSP,486,0,486,166770,126018
89,UDUMBANCHOLA,M J FRANSIS,M,43,GEN,IND,132,0,132,166770,126018
90,THODUPUZHA,P.J. JOSEPH,M,74,GEN,KEC(M),76177,387,76564,195987,141574
90,THODUPUZHA,ADV. ROY VARICATTU,M,59,GEN,IND,30755,222,30977,195987,141574
90,THODUPUZHA,ADV. S. PRAVEEN,M,40,GEN,BDJS,28703,142,28845,195987,141574
90,THODUPUZHA,ROY ARACKAL,M,47,GEN,SDPI,1293,1,1294,195987,141574
90,THODUPUZHA,None of the Above,,,,NOTA,1215,4,1219,195987,141574
90,THODUPUZHA,NISHA JIMMY,F,30,GEN,SUCI,810,1,811,195987,141574
90,THODUPUZHA,NAJEEB KALARICKAL,M,35,GEN,PDP,710,0,710,195987,141574
90,THODUPUZHA,P.J. AMBILY,F,44,SC,BSP,439,1,440,195987,141574
90,THODUPUZHA,SANTHOSH P K,M,44,SC,IND,292,0,292,195987,141574
90,THODUPUZHA,K M VEENAS,M,65,GEN,IND,228,0,228,195987,141574
90,THODUPUZHA,PAREETH,M,60,GEN,IND,194,0,194,195987,141574
91,IDUKKI,ROSHY AUGUSTINE,M,47,GEN,KEC(M),60255,301,60556,184218,141278
91,IDUKKI,ADV. K FRANCIS GEORGE,M,60,GEN,IND,50758,465,51223,184218,141278
91,IDUKKI,BIJU MADHAVAN,M,45,GEN,BDJS,27282,121,27403,184218,141278
91,IDUKKI,SABU KOCHUPARAMBIL,M,39,SC,BSP,562,4,566,184218,141278
91,IDUKKI,P.T POOMKUDY,M,77,GEN,IND,436,0,436,184218,141278
91,IDUKKI,None of the Above,,,,NOTA,431,2,433,184218,141278
91,IDUKKI,BABU KOZHIMALA,M,48,GEN,SDPI,411,0,411,184218,141278
91,IDUKKI,IDUKKI  RAVI,M,46,ST,IND,250,0,250,184218,141278
92,PEERUMADE,E S BIJIMOL,F,44,GEN,CPI,56341,243,56584,175524,128768
92,PEERUMADE,ADV. SYRIAC THOMAS,M,50,GEN,INC,56108,162,56270,175524,128768
92,PEERUMADE,KUMAR,M,43,GEN,BJP,11815,18,11833,175524,128768
92,PEERUMADE,ABDUL KHADER,M,51,GEN,ADMK,2862,0,2862,175524,128768
92,PEERUMADE,BENNY THOMAS,M,47,GEN,BSP,488,1,489,175524,128768
92,PEERUMADE,None of the Above,,,,NOTA,444,4,448,175524,128768
92,PEERUMADE,RAMASWAMY GOVINDAN,M,57,SC,IND,175,0,175,175524,128768
92,PEERUMADE,JOSEPH M T,M,56,GEN,IND,107,0,107,175524,128768
93,PALA,K M MANI,M,83,GEN,KEC(M),58490,394,58884,180091,139775
93,PALA,MANI C KAPPEN,M,59,GEN,NCP,53816,365,54181,180091,139775
93,PALA,N HARI,M,38,GEN,BJP,24724,97,24821,180091,139775
93,PALA,None of the Above,,,,NOTA,902,5,907,180091,139775
93,PALA,ADV. JOSE THOMAS PANDIYAMMAKKAL,M,63,GEN,IND,484,5,489,180091,139775
93,PALA,ANTONY,M,40,GEN,IND,217,0,217,180091,139775
93,PALA,SHAIJU PONKUNNAM,M,42,SC,IND,103,0,103,180091,139775
93,PALA,HASSAN KUNJU P S,M,59,GEN,IND,90,0,90,180091,139775
93,PALA,BABU,M,50,GEN,IND,83,0,83,180091,139775
94,KADUTHURUTHY,ADV. MONS JOSEPH,M,51,GEN,KEC(M),73445,348,73793,182749,127172
94,KADUTHURUTHY,SCARIA THOMAS,M,70,GEN,KCST,31293,244,31537,182749,127172
94,KADUTHURUTHY,STEPHEN CHAZHIKADAN,M,52,GEN,KEC,17464,72,17536,182749,127172
94,KADUTHURUTHY,None of the Above,,,,NOTA,1525,8,1533,182749,127172
94,KADUTHURUTHY,GINISH JOHN M,M,40,GEN,BSP,1470,3,1473,182749,127172
94,KADUTHURUTHY,T P KUTTAPPAN KURUPPANTHARA,M,63,SC,KLJP,968,0,968,182749,127172
94,KADUTHURUTHY,RAJEEV KIDANGOOR,M,36,GEN,IND,332,0,332,182749,127172
95,VAIKOM,C K ASHA,F,40,SC,CPI,61233,764,61997,162632,132048
95,VAIKOM,ADV. A SANEESHKUMAR,M,39,SC,INC,37155,258,37413,162632,132048
95,VAIKOM,N K NEELAKANDAN MASTER,M,66,SC,BDJS,29913,154,30067,162632,132048
95,VAIKOM,None of the Above,,,,NOTA,797,3,800,162632,132048
95,VAIKOM,K C CHANDRASEKHARAN,M,51,SC,BSP,539,1,540,162632,132048
95,VAIKOM,SUBEESH SURENDRAN,M,31,SC,PDP,489,0,489,162632,132048
95,VAIKOM,ANILA BOSE,F,25,SC,SUCI,419,1,420,162632,132048
95,VAIKOM,K C PRAKASH,M,53,SC,CPIM,204,0,204,162632,132048
95,VAIKOM,KUTTAN KATTACHIRA,M,59,SC,IND,118,0,118,162632,132048
96,ETTUMANOOR,SURESH KURUP,M,59,GEN,CPM,53372,433,53805,165464,132304
96,ETTUMANOOR,THOMAS CHAZHIKADAN,M,63,GEN,KEC(M),44667,239,44906,165464,132304
96,ETTUMANOOR,A G THANKAPPAN,M,66,GEN,BDJS,27399,141,27540,165464,132304
96,ETTUMANOOR,JOSEMON MUNDACKAL,M,42,GEN,IND,3767,7,3774,165464,132304
96,ETTUMANOOR,ABDUL NAZAR,M,56,GEN,SDPI,705,1,706,165464,132304
96,ETTUMANOOR,None of the Above,,,,NOTA,598,2,600,165464,132304
96,ETTUMANOOR,ADV. C P RAJESH,M,44,SC,BSP,453,0,453,165464,132304
96,ETTUMANOOR,M S NOUSHAD,M,49,GEN,PDP,338,0,338,165464,132304
96,ETTUMANOOR,ASHARAJ,F,35,GEN,SUCI,182,0,182,165464,132304
97,KOTTAYAM,THIRUVANCHOOR RADHAKRISHNAN,M,66,GEN,INC,73541,353,73894,164097,128603
97,KOTTAYAM,ADV. REJI SAKHARIYA,M,49,GEN,CPM,39922,340,40262,164097,128603
97,KOTTAYAM,ADV. M S KARUNAKARAN,M,62,GEN,BJP,12540,42,12582,164097,128603
97,KOTTAYAM,ADV. P K GEETHA KRISHNAN,M,39,SC,BSP,651,0,651,164097,128603
97,KOTTAYAM,None of the Above,,,,NOTA,482,1,483,164097,128603
97,KOTTAYAM,ROY CHEMMANAM,M,49,GEN,SP,403,0,403,164097,128603
97,KOTTAYAM,REJITHA JAYARAM,F,38,GEN,SUCI,182,0,182,164097,128603
97,KOTTAYAM,JOHN JOY,M,60,GEN,IND,88,0,88,164097,128603
97,KOTTAYAM,PAYAS C P,M,52,GEN,IND,58,0,58,164097,128603
98,PUTHUPPALLY,OOMMEN CHANDY,M,72,GEN,INC,71302,295,71597,173253,134034
98,PUTHUPPALLY,JAICK C THOMAS,M,26,GEN,CPM,44280,225,44505,173253,134034
98,PUTHUPPALLY,ADV. GEORGE KURIAN,M,55,GEN,BJP,15915,78,15993,173253,134034
98,PUTHUPPALLY,SHIBU PARAKADAVAN,M,43,GEN,BSP,909,2,911,173253,134034
98,PUTHUPPALLY,None of the Above,,,,NOTA,628,2,630,173253,134034
98,PUTHUPPALLY,M V CHERIAN,M,46,GEN,SUCI,130,1,131,173253,134034
98,PUTHUPPALLY,K M SIVAPRASAD GANDHI,M,36,GEN,IND,103,0,103,173253,134034
98,PUTHUPPALLY,A K SHAJI,M,45,GEN,IND,64,0,64,173253,134034
98,PUTHUPPALLY,JIJO,M,38,GEN,IND,51,0,51,173253,134034
98,PUTHUPPALLY,JOSEPH T M,M,58,GEN,IND,49,0,49,173253,134034
99,CHANGANASSERY,C F THOMAS,M,76,GEN,KEC(M),50295,76,50371,167180,125793
99,CHANGANASSERY,DR. K C JOSEPH,M,66,GEN,IND,48341,181,48522,167180,125793
99,CHANGANASSERY,ETTUMANOOR RADHAKRISHNAN,M,68,GEN,BJP,21422,33,21455,167180,125793
99,CHANGANASSERY,ALTHAPH HASSAN,M,44,GEN,SDPI,1797,0,1797,167180,125793
99,CHANGANASSERY,ADV. SOJAN PAVIYANOSE,M,41,GEN,IND,1048,2,1050,167180,125793
99,CHANGANASSERY,RAJI RAJAN,F,41,GEN,BSP,675,1,676,167180,125793
99,CHANGANASSERY,SURESH K,M,37,GEN,IND,596,0,596,167180,125793
99,CHANGANASSERY,None of the Above,,,,NOTA,571,0,571,167180,125793
99,CHANGANASSERY,K N RAJAN,M,53,GEN,SUCI,312,0,312,167180,125793
99,CHANGANASSERY,BABU VARGESE,M,44,GEN,KCS,292,0,292,167180,125793
99,CHANGANASSERY,KUNJUMON ABRAHAM,M,54,GEN,IND,151,0,151,167180,125793
100,KANJIRAPPALLY,DR. N JAYARAJ,M,60,GEN,KEC(M),52864,262,53126,178950,136708
100,KANJIRAPPALLY,ADV. V B BINU,M,56,GEN,CPI,48920,316,49236,178950,136708
100,KANJIRAPPALLY,V N MANOJ,M,46,GEN,BJP,31246,165,31411,178950,136708
100,KANJIRAPPALLY,ARUN M JOHN,M,30,GEN,BSP,1112,1,1113,178950,136708
100,KANJIRAPPALLY,MUHAMMED SIYAD,M,38,GEN,SDPI,838,1,839,178950,136708
100,KANJIRAPPALLY,None of the Above,,,,NOTA,617,1,618,178950,136708
100,KANJIRAPPALLY,MANOJ ARUVIKKUZHY,M,38,SC,IND,138,0,138,178950,136708
100,KANJIRAPPALLY,ACHUTHAN K P,M,49,GEN,IND,136,1,137,178950,136708
100,KANJIRAPPALLY,SAJAN C MADHAVAN,M,50,SC,IND,90,0,90,178950,136708
101,POONJAR,P C GEORGE PLATHOTTAM,M,65,GEN,IND,63382,239,63621,183590,145753
101,POONJAR,GEORGEKUTTY AUGUSTY,M,55,GEN,KEC(M),35601,199,35800,183590,145753
101,POONJAR,ADV. P C JOSEPH PONNATTU,M,66,GEN,IND,22152,118,22270,183590,145753
101,POONJAR,M R ULLAS,M,34,GEN,BDJS,19896,70,19966,183590,145753
101,POONJAR,P A ABDUL HAKKIM,M,67,GEN,WPOI,803,1,804,183590,145753
101,POONJAR,NISHAD NADAKAL,M,40,GEN,PDP,530,0,530,183590,145753
101,POONJAR,SAINULLAUDEEN,M,57,GEN,IND,525,0,525,183590,145753
101,POONJAR,ADV. INDULEKHA JOSEPH,F,27,GEN,IND,396,1,397,183590,145753
101,POONJAR,GEORGEKUTTY SEBASTIAN,M,28,GEN,IND,375,0,375,183590,145753
101,POONJAR,None of the Above,,,,NOTA,312,1,313,183590,145753
101,POONJAR,JOSEPH P C PURATHAYIL,M,65,GEN,IND,234,0,234,183590,145753
101,POONJAR,SIYAM P ASHRAF,M,32,GEN,IND,194,0,194,183590,145753
101,POONJAR,GEORGE CHACKO,M,52,GEN,IND,166,0,166,183590,145753
101,POONJAR,RAJU VATTAPPARA,M,56,SC,SUCI,147,1,148,183590,145753
101,POONJAR,JAMES JOSEPH,M,49,GEN,IND,143,0,143,183590,145753
101,POONJAR,SANTHOSH CHENNADU,M,36,GEN,KLJP,96,0,96,183590,145753
101,POONJAR,T M SURENDRAN,M,53,GEN,CPIM,94,0,94,183590,145753
101,POONJAR,ABRAHAM,M,36,GEN,IND,77,0,77,183590,145753
102,AROOR,ADV.A.M.ARIFF,M,51,GEN,CPM,84119,601,84720,188615,161875
102,AROOR,ADV.C.R.JAYAPRAKASH,M,68,GEN,INC,45994,207,46201,188615,161875
102,AROOR,ANIYAPPAN,M,45,GEN,BDJS,27686,67,27753,188615,161875
102,AROOR,MOHAN CHACKO,M,63,GEN,WPOI,747,14,761,188615,161875
102,AROOR,None of the Above,,,,NOTA,736,0,736,188615,161875
102,AROOR,K.PRATHAPAN,M,43,SC,SUCI,555,1,556,188615,161875
102,AROOR,LIYAKKATHALI,M,45,GEN,SDPI,433,1,434,188615,161875
102,AROOR,FAIZAL,M,46,GEN,PDP,433,0,433,188615,161875
102,AROOR,THURAVOOR RAJASEKHARAN,M,37,SC,IND,281,0,281,188615,161875
103,CHERTHALA,P.THILOTHAMAN,M,58,GEN,CPI,80287,910,81197,204830,177655
103,CHERTHALA,ADV.S.SARATH,M,32,GEN,INC,73370,631,74001,204830,177655
103,CHERTHALA,P.S.RAJEEV,M,58,GEN,BDJS,19539,75,19614,204830,177655
103,CHERTHALA,C.P.THILAKAN,M,56,GEN,BSP,845,0,845,204830,177655
103,CHERTHALA,None of the Above,,,,NOTA,686,1,687,204830,177655
103,CHERTHALA,S.SARATH,M,30,GEN,IND,638,1,639,204830,177655
103,CHERTHALA,SONNYMON K MATHEW,M,40,GEN,IND,348,0,348,204830,177655
103,CHERTHALA,VAYALAR RAJEEVAN,M,43,GEN,IND,174,0,174,204830,177655
103,CHERTHALA,K.V.JOSEPH,M,43,GEN,IND,150,0,150,204830,177655
104,ALAPPUZHA,DR.T.M.THOMAS ISAAC,M,63,GEN,CPM,82032,1179,83211,193532,156150
104,ALAPPUZHA,ADV.LALY VINCENT,F,55,GEN,INC,51855,324,52179,193532,156150
104,ALAPPUZHA,ADV.RANJITH SREENIVAS,M,40,GEN,BJP,18135,79,18214,193532,156150
104,ALAPPUZHA,None of the Above,,,,NOTA,854,2,856,193532,156150
104,ALAPPUZHA,P.A.SULAIMAN KUNJU,M,55,GEN,SDPI,703,0,703,193532,156150
104,ALAPPUZHA,K.MUJEEB,M,41,GEN,PDP,481,0,481,193532,156150
104,ALAPPUZHA,K.A.VINOD,M,40,GEN,SUCI,244,0,244,193532,156150
104,ALAPPUZHA,PREMJI.K.P,M,36,GEN,IND,148,1,149,193532,156150
104,ALAPPUZHA,ADV.PRASANTH,M,30,SC,IND,113,0,113,193532,156150
105,AMBALAPUZHA,G.SUDHAKARAN,M,68,GEN,CPM,62256,813,63069,168949,133294
105,AMBALAPUZHA,SHAIK.P.HARRIZ,M,50,GEN,JD(U),40219,229,40448,168949,133294
105,AMBALAPUZHA,L.P.JAYACHANDRAN,M,43,GEN,BJP,22647,83,22730,168949,133294
105,AMBALAPUZHA,K.S.SHAN,M,34,GEN,SDPI,1622,0,1622,168949,133294
105,AMBALAPUZHA,R.ARJUNAN,M,52,GEN,SUCI,1437,2,1439,168949,133294
105,AMBALAPUZHA,ADV.NASSAR.M.PYNGAMADOM,M,44,GEN,IND,1051,2,1053,168949,133294
105,AMBALAPUZHA,A.ANSARI,M,41,GEN,PDP,930,1,931,168949,133294
105,AMBALAPUZHA,NASAR ARATTUPUZHA,M,52,GEN,WPOI,869,9,878,168949,133294
105,AMBALAPUZHA,None of the Above,,,,NOTA,627,0,627,168949,133294
105,AMBALAPUZHA,JOSEPH KUTTIKKADAN,M,51,GEN,IND,265,1,266,168949,133294
105,AMBALAPUZHA,P.G.SUGUNAN,M,61,GEN,IND,231,0,231,168949,133294
106,KUTTANAD,THOMAS CHANDY,M,67,GEN,NCP,49937,177,50114,165172,130082
106,KUTTANAD,ADV.JACOB ABRAHAM,M,59,GEN,KEC(M),45098,125,45223,165172,130082
106,KUTTANAD,SUBHASH VASU,M,52,GEN,BDJS,32970,74,33044,165172,130082
106,KUTTANAD,NANDANAN VALIYAPARAMBU,M,63,GEN,SUCI,370,1,371,165172,130082
106,KUTTANAD,SANIL.P.M (SUNNY PATHINARIL),M,45,SC,BSP,352,2,354,165172,130082
106,KUTTANAD,None of the Above,,,,NOTA,346,0,346,165172,130082
106,KUTTANAD,JOSE KOIPPALLY,M,56,GEN,IND,263,0,263,165172,130082
106,KUTTANAD,JACOB ABRAHAM PANAVELIL,M,55,GEN,IND,262,0,262,165172,130082
106,KUTTANAD,MOHANAN,M,67,SC,IND,105,0,105,165172,130082
107,HARIPAD,RAMESH CHENNITHALA,M,59,GEN,INC,75666,314,75980,188651,148832
107,HARIPAD,P.PRASAD,M,47,GEN,CPI,57061,298,57359,188651,148832
107,HARIPAD,D.ASWANIDEV,M,50,GEN,BJP,12956,29,12985,188651,148832
107,HARIPAD,VARKALA RAJ,M,54,GEN,PDP,623,0,623,188651,148832
107,HARIPAD,ASHABUL HAQ,M,31,GEN,SDPI,512,0,512,188651,148832
107,HARIPAD,C.BALAKRISHNAN,M,55,GEN,BSP,417,0,417,188651,148832
107,HARIPAD,None of the Above,,,,NOTA,321,0,321,188651,148832
107,HARIPAD,SIDHARTHAN KARUVATTA,M,50,GEN,IND,149,0,149,188651,148832
107,HARIPAD,A.MUHAMMED,M,67,GEN,SUCI,147,0,147,188651,148832
107,HARIPAD,SAMUDAYATHIL RAVI.R.UNNITHAN,M,65,GEN,IND,93,0,93,188651,148832
107,HARIPAD,PRADEEP KARIPUZHA,M,34,GEN,IND,86,1,87,188651,148832
107,HARIPAD,SATHEESHKUMAR.B,M,41,GEN,IND,75,0,75,188651,148832
107,HARIPAD,D.PRASOOL PRAKASH,M,30,GEN,IND,46,0,46,188651,148832
107,HARIPAD,PRASAD UNIKKANTHARA,M,49,GEN,IND,38,0,38,188651,148832
108,KAYAMKULAM,ADV.U.PRATHIBHA HARI,F,38,GEN,CPM,72503,453,72956,203308,156806
108,KAYAMKULAM,ADV.M.LIJU,M,36,GEN,INC,60792,307,61099,203308,156806
108,KAYAMKULAM,SHAJI.M.PANICKER,M,57,GEN,BDJS,19960,40,20000,203308,156806
108,KAYAMKULAM,ADV.MUTTAM NAZAR,M,49,GEN,PDP,1125,0,1125,203308,156806
108,KAYAMKULAM,P.MANIYAPPAN ACHARI,M,70,GEN,IND,739,0,739,203308,156806
108,KAYAMKULAM,None of the Above,,,,NOTA,458,0,458,203308,156806
108,KAYAMKULAM,G.VEENA,F,31,GEN,IND,177,0,177,203308,156806
108,KAYAMKULAM,AJITH P,M,34,GEN,IND,159,0,159,203308,156806
108,KAYAMKULAM,LIJU.M,M,33,GEN,IND,93,0,93,203308,156806
109,MAVELIKARA,R.RAJESH,M,35,SC,CPM,74063,492,74555,198395,149688
109,MAVELIKARA,BAIJU KALASALA,M,44,SC,INC,42849,164,43013,198395,149688
109,MAVELIKARA,P.M.VELAYUDHAN,M,63,SC,BJP,30872,57,30929,198395,149688
109,MAVELIKARA,None of the Above,,,,NOTA,523,0,523,198395,149688
109,MAVELIKARA,ASHA.T,F,39,SC,SUCI,242,0,242,198395,149688
109,MAVELIKARA,KATTANAM SURESH,M,45,SC,BSP,213,0,213,198395,149688
109,MAVELIKARA,AJEESHKUMAR,M,31,SC,IND,213,0,213,198395,149688
110,CHENGANNUR,ADV.K.K.RAMACHANDRAN NAIR,M,63,GEN,CPM,52645,235,52880,197372,145518
110,CHENGANNUR,P.C.VISHNUNATH,M,38,GEN,INC,44797,100,44897,197372,145518
110,CHENGANNUR,ADV.P.S.SREEDHARAN PILLAI,M,62,GEN,BJP,42590,92,42682,197372,145518
110,CHENGANNUR,SOBHANA GEORGE,F,57,GEN,IND,3963,3,3966,197372,145518
110,CHENGANNUR,ALEX,M,49,GEN,BSP,482,1,483,197372,145518
110,CHENGANNUR,None of the Above,,,,NOTA,363,0,363,197372,145518
110,CHENGANNUR,E.T.SASI,M,58,GEN,IND,247,0,247,197372,145518
111,THIRUVALLA,ADV.MATHEW T THOMAS,M,54,GEN,JD(S),59347,313,59660,208798,144542
111,THIRUVALLA,JOSEPH M PUTHUSSERY,M,57,GEN,KEC(M),51239,159,51398,208798,144542
111,THIRUVALLA,AKKERAMAN KALIDASAN BHATTATHIRIPAD,M,52,GEN,BDJS,31364,75,31439,208798,144542
111,THIRUVALLA,SAJI KADAMPANAD,M,35,GEN,BSP,755,1,756,208798,144542
111,THIRUVALLA,None of the Above,,,,NOTA,479,0,479,208798,144542
111,THIRUVALLA,ADV.SIMI M JACOB,F,32,GEN,SDPI,444,0,444,208798,144542
111,THIRUVALLA,CHERIAN M V,M,62,GEN,IND,366,0,366,208798,144542
112,RANNI,RAJU ABRAHAM,M,54,GEN,CPM,58501,248,58749,190196,133927
112,RANNI,MARIAMMA CHERIAN,F,69,GEN,INC,44019,134,44153,190196,133927
112,RANNI,PADMAKUMAR K,M,51,GEN,BDJS,28097,104,28201,190196,133927
112,RANNI,PRASAD UTHIMOODU,M,40,SC,BSP,1071,1,1072,190196,133927
112,RANNI,FAWSEENA THAKBEER,F,27,GEN,SDPI,862,0,862,190196,133927
112,RANNI,None of the Above,,,,NOTA,437,1,438,190196,133927
112,RANNI,GEETHAMMA MADHAVAN,F,37,SC,IND,298,0,298,190196,133927
112,RANNI,VARUGHESE THOMAS,M,51,GEN,IND,154,0,154,190196,133927
113,ARANMULA,VEENA GEORGE,F,39,GEN,CPM,64070,453,64523,227943,161432
113,ARANMULA,ADV K SIVADASAN NAIR,M,67,GEN,INC,56630,247,56877,227943,161432
113,ARANMULA,M T RAMESH,M,45,GEN,BJP,37752,154,37906,227943,161432
113,ARANMULA,None of the Above,,,,NOTA,569,0,569,227943,161432
113,ARANMULA,T AMRITHAKUMAR,M,50,GEN,BSP,548,0,548,227943,161432
113,ARANMULA,SREEKANTH M VALLAKKOTTU,M,44,GEN,SP,252,0,252,227943,161432
113,ARANMULA,CHANDRAN,M,59,SC,IND,249,0,249,227943,161432
113,ARANMULA,ANIL KUMAR K G,M,47,GEN,SUCI,217,0,217,227943,161432
113,ARANMULA,HABEEB RAHMAN,M,52,GEN,PDP,187,0,187,227943,161432
113,ARANMULA,SHAJI MEZHUVELI,M,49,GEN,IND,104,0,104,227943,161432
114,KONNI,ADOOR PRAKASH,M,60,GEN,INC,72481,319,72800,196309,143283
114,KONNI,ADV. R. SANAL KUMAR,M,47,GEN,CPM,51674,378,52052,196309,143283
114,KONNI,ASOKA KUMAR D,M,53,GEN,BJP,16655,58,16713,196309,143283
114,KONNI,None of the Above,,,,NOTA,473,1,474,196309,143283
114,KONNI,REYASH,M,36,GEN,SDPI,400,1,401,196309,143283
114,KONNI,JOSHY JOSEPH,M,39,GEN,WPOI,365,0,365,196309,143283
114,KONNI,SURESH V,M,30,SC,IND,249,0,249,196309,143283
114,KONNI,BIJU ELAMANNOOR,M,37,SC,IND,133,0,133,196309,143283
114,KONNI,VISHNU S,M,26,GEN,SHS,96,0,96,196309,143283
115,ADOOR,CHITTAYAM GOPAKUMAR,M,50,SC,CPI,75409,625,76034,208432,155018
115,ADOOR,K K SHAJU,M,53,SC,INC,50293,281,50574,208432,155018
115,ADOOR,ADV P SUDHEER,M,34,SC,BJP,25862,78,25940,208432,155018
115,ADOOR,JYOTHISH PERUMPULICKAL,M,44,SC,SDPI,671,2,673,208432,155018
115,ADOOR,None of the Above,,,,NOTA,670,2,672,208432,155018
115,ADOOR,PLAVINAL SANTHOSH,M,40,SC,BSP,410,0,410,208432,155018
115,ADOOR,AJITHA P,F,45,SC,IND,408,0,408,208432,155018
115,ADOOR,VISHNU RAJ T,M,25,SC,PDP,307,0,307,208432,155018
116,KARUNAGAPPALLY,R.RAMACHANDRAN,M,63,GEN,CPI,69293,609,69902,204539,162351
116,KARUNAGAPPALLY,C.R.MAHESH,M,37,GEN,INC,67735,408,68143,204539,162351
116,KARUNAGAPPALLY,V.SADASIVAN,M,69,GEN,BDJS,19088,27,19115,204539,162351
116,KARUNAGAPPALLY,A.K.SALAHUDHEEN,M,45,GEN,SDPI,1737,1,1738,204539,162351
116,KARUNAGAPPALLY,MYLAKKADU SHAH,M,47,GEN,PDP,1619,1,1620,204539,162351
116,KARUNAGAPPALLY,GOPALAKRISHNAN,M,66,SC,BSP,646,3,649,204539,162351
116,KARUNAGAPPALLY,RAMACHANDRAN,M,41,GEN,IND,594,0,594,204539,162351
116,KARUNAGAPPALLY,None of the Above,,,,NOTA,586,4,590,204539,162351
117,CHAVARA,N.VIJAYAN PILLAI,M,65,GEN,CMPKSC,63938,728,64666,175916,138186
117,CHAVARA,SHIBU BABYJOHN,M,52,GEN,RSP,57915,562,58477,175916,138186
117,CHAVARA,M.SUNIL,M,50,GEN,BJP,10257,19,10276,175916,138186
117,CHAVARA,SHAHUL THENGUMTHARA,M,47,GEN,PDP,1439,0,1439,175916,138186
117,CHAVARA,ANSAR THEVALAKKARA,M,32,GEN,SDPI,1105,1,1106,175916,138186
117,CHAVARA,None of the Above,,,,NOTA,666,1,667,175916,138186
117,CHAVARA,SHIBU,M,35,GEN,IND,427,0,427,175916,138186
117,CHAVARA,THEVALAKKARA  MANOJ,M,31,SC,BSP,403,0,403,175916,138186
117,CHAVARA,ABU MUHAMMED,M,60,GEN,IND,228,0,228,175916,138186
117,CHAVARA,ANILKUMAR KALLAMBALAM,M,42,GEN,IND,162,0,162,175916,138186
117,CHAVARA,V.SUBASH,M,25,GEN,SHS,121,0,121,175916,138186
117,CHAVARA,CHELLAPPAN,M,64,SC,IND,121,0,121,175916,138186
117,CHAVARA,KARAMKODE BALAKRISHNAN,M,65,SC,IND,93,0,93,175916,138186
118,KUNNATHUR,KOVOOR KUNJUMON,M,48,SC,IND,74851,874,75725,208541,159808
118,KUNNATHUR,ULLAS KOVUR,M,36,SC,RSP,54800,396,55196,208541,159808
118,KUNNATHUR,THAZHAVA SAHADEVAN,M,60,SC,BDJS,21675,67,21742,208541,159808
118,KUNNATHUR,THULASEEDHARAN PALLICKAL,M,47,SC,SDPI,1698,0,1698,208541,159808
118,KUNNATHUR,KUNJUMON,M,42,SC,IND,1516,0,1516,208541,159808
118,KUNNATHUR,C.K GOPI,M,66,SC,PDP,1419,3,1422,208541,159808
118,KUNNATHUR,None of the Above,,,,NOTA,1049,2,1051,208541,159808
118,KUNNATHUR,V. REMADEVI,F,45,SC,BSP,740,0,740,208541,159808
118,KUNNATHUR,MANILAL M.R,M,27,SC,IND,718,0,718,208541,159808
119,KOTTARAKKARA,ADV. P.AISHA POTTY,F,57,GEN,CPM,82630,813,83443,200586,150513
119,KOTTARAKKARA,ADV.SAVIN SATHYAN,M,37,GEN,INC,40537,274,40811,200586,150513
119,KOTTARAKKARA,RAJESWARY RAJENDRAN,F,52,GEN,BJP,23962,100,24062,200586,150513
119,KOTTARAKKARA,None of the Above,,,,NOTA,739,3,742,200586,150513
119,KOTTARAKKARA,MADHU.B,M,43,GEN,IND,491,0,491,200586,150513
119,KOTTARAKKARA,R.SUKUMARAN,M,59,SC,BSP,386,0,386,200586,150513
119,KOTTARAKKARA,VELIYAM SHAJI,M,51,GEN,SHS,325,0,325,200586,150513
119,KOTTARAKKARA,HARIPRASAD,M,40,GEN,IND,173,0,173,200586,150513
119,KOTTARAKKARA,AJAYAKUMAR THANKAPPAN,M,54,SC,IND,80,0,80,200586,150513
120,PATHANAPURAM,K.B. GANESH KUMAR,M,49,GEN,KEC(B),74054,375,74429,189837,142058
120,PATHANAPURAM,P.V JAGADISH KUMAR,M,61,GEN,INC,49722,145,49867,189837,142058
120,PATHANAPURAM,REGHU DAMODHARAN (BHEEMAN REGHU),M,62,GEN,BJP,11669,31,11700,189837,142058
120,PATHANAPURAM,ADV. FAIZY M PASHA,M,30,GEN,SDPI,3843,0,3843,189837,142058
120,PATHANAPURAM,PERINADU GOPALA KRISHNAN,M,58,SC,BSP,845,1,846,189837,142058
120,PATHANAPURAM,None of the Above,,,,NOTA,451,3,454,189837,142058
120,PATHANAPURAM,REKHU.P,M,38,SC,IND,366,0,366,189837,142058
120,PATHANAPURAM,SUDHEER.M.G,M,40,GEN,SHS,254,0,254,189837,142058
120,PATHANAPURAM,CHANDRASEHKARA PILLAI M.G,M,52,GEN,IND,194,0,194,189837,142058
120,PATHANAPURAM,MADHU.R,M,51,GEN,IND,105,0,105,189837,142058
121,PUNALUR,ADV.K.RAJU,M,63,GEN,CPI,81807,329,82136,204628,144471
121,PUNALUR,DR.A.YOUNUS KUNJU,M,74,GEN,IUML,48421,133,48554,204628,144471
121,PUNALUR,ADV.SISIL FERNANDES,M,59,GEN,KEC,10554,4,10558,204628,144471
121,PUNALUR,K.SASANKAN,M,49,GEN,SUCI,1114,3,1117,204628,144471
121,PUNALUR,None of the Above,,,,NOTA,886,2,888,204628,144471
121,PUNALUR,NETTAYAM SUJI,M,43,GEN,IND,639,0,639,204628,144471
121,PUNALUR,SATHEESHKUMAR.B,M,40,GEN,SHS,414,1,415,204628,144471
121,PUNALUR,NAVAS.M,M,38,GEN,IND,164,0,164,204628,144471
122,CHADAYAMANGALAM,MULLAKKARA RETNAKARAN,M,61,GEN,CPI,70685,577,71262,196733,145141
122,CHADAYAMANGALAM,M.M. HASSAN,M,69,GEN,INC,49064,270,49334,196733,145141
122,CHADAYAMANGALAM,K.SIVADASAN,M,65,GEN,BJP,19209,50,19259,196733,145141
122,CHADAYAMANGALAM,JALEEL KADAKKAL,M,42,GEN,SDPI,1445,0,1445,196733,145141
122,CHADAYAMANGALAM,SAJEED KHALEEDU,M,42,GEN,WPOI,1206,16,1222,196733,145141
122,CHADAYAMANGALAM,MUHAMMED NAJIM.S,M,41,GEN,PDP,1098,0,1098,196733,145141
122,CHADAYAMANGALAM,None of the Above,,,,NOTA,699,0,699,196733,145141
122,CHADAYAMANGALAM,SUNNY ITTIVA,M,34,GEN,IND,538,0,538,196733,145141
122,CHADAYAMANGALAM,SREEJITH.S,M,31,GEN,SHS,284,0,284,196733,145141
123,KUNDARA,J.MERCY KUTTY AMMA,F,60,GEN,CPM,78155,892,79047,200163,152558
123,KUNDARA,RAJMOHAN UNNITHAN,M,62,GEN,INC,48209,378,48587,200163,152558
123,KUNDARA,M S SYAM KUMAR,M,60,GEN,BJP,20180,77,20257,200163,152558
123,KUNDARA,SHARAFATH MALLAM,M,36,GEN,SDPI,1325,0,1325,200163,152558
123,KUNDARA,KABEER KUTTY.I.PUTHEZHAM,M,42,GEN,PDP,1130,2,1132,200163,152558
123,KUNDARA,S.M.JABER,M,35,GEN,BSP,698,0,698,200163,152558
123,KUNDARA,None of the Above,,,,NOTA,686,1,687,200163,152558
123,KUNDARA,VIJAYAKUMAR,M,43,SC,IND,485,0,485,200163,152558
123,KUNDARA,V.ANTONY,M,56,GEN,SUCI,340,0,340,200163,152558
124,KOLLAM,M MUKESH,M,59,GEN,CPM,62425,678,63103,172552,129283
124,KOLLAM,SOORAJ RAVI,M,41,GEN,INC,45184,308,45492,172552,129283
124,KOLLAM,PROF. K. SASIKUMAR,M,67,GEN,IND,17337,72,17409,172552,129283
124,KOLLAM,JOHNSON KANDACHIRA,M,41,GEN,SDPI,1576,0,1576,172552,129283
124,KOLLAM,None of the Above,,,,NOTA,887,2,889,172552,129283
124,KOLLAM,K. BALAKRISHNAN,M,64,SC,BSP,431,0,431,172552,129283
124,KOLLAM,NARAYANAN NAIR,M,54,GEN,IND,209,0,209,172552,129283
124,KOLLAM,S. CHANDRAN,M,61,GEN,IND,174,0,174,172552,129283
125,ERAVIPURAM,M. NOUSHAD,M,51,GEN,CPM,64824,568,65392,170253,124971
125,ERAVIPURAM,A.A.AZEEZ,M,74,GEN,RSP,36463,126,36589,170253,124971
125,ERAVIPURAM,AKKAVILA SATHEEK,M,59,GEN,BDJS,19655,59,19714,170253,124971
125,ERAVIPURAM,AYATHIL RAZAK,M,60,GEN,SDPI,988,0,988,170253,124971
125,ERAVIPURAM,None of the Above,,,,NOTA,949,1,950,170253,124971
125,ERAVIPURAM,MUHAMMED ISMAIL,M,32,GEN,PDP,643,0,643,170253,124971
125,ERAVIPURAM,MANOJ,M,31,SC,IND,463,0,463,170253,124971
125,ERAVIPURAM,VINOD B.,M,43,GEN,SUCI,232,0,232,170253,124971
126,CHATHANNUR,G.S.JAYALAL,M,43,GEN,CPI,67190,416,67606,179928,133199
126,CHATHANNUR,B B GOPAKUMAR,M,50,GEN,BJP,33108,91,33199,179928,133199
126,CHATHANNUR,DR.SOORANAD RAJASEKHARAN,M,66,GEN,INC,30023,116,30139,179928,133199
126,CHATHANNUR,RAJU,M,40,SC,IND,658,0,658,179928,133199
126,CHATHANNUR,None of the Above,,,,NOTA,604,0,604,179928,133199
126,CHATHANNUR,SALIMRAJ A,M,49,SC,BSP,491,0,491,179928,133199
126,CHATHANNUR,VELAYUDHAN PILLAI,M,65,GEN,SHS,290,0,290,179928,133199
126,CHATHANNUR,JAYAKALA L,F,31,SC,APOI,212,0,212,179928,133199
127,VARKALA,ADV.V.JOY,M,50,GEN,CPM,52820,282,53102,179160,128177
127,VARKALA,VARKALA KAHAR,M,65,GEN,INC,50550,166,50716,179160,128177
127,VARKALA,AJI.S.R.M,M,45,GEN,BDJS,19842,30,19872,179160,128177
127,VARKALA,VARKALA.R. LINEES,M,37,SC,BSP,1886,2,1888,179160,128177
127,VARKALA,None of the Above,,,,NOTA,627,1,628,179160,128177
127,VARKALA,ABDUL SALAM,M,58,GEN,SDPI,466,0,466,179160,128177
127,VARKALA,SUNIL KUMAR.S,M,51,GEN,IND,357,0,357,179160,128177
127,VARKALA,SUDEVAN,M,40,SC,IND,351,0,351,179160,128177
127,VARKALA,NADAYARA JABBAR,M,45,GEN,PDP,297,0,297,179160,128177
127,VARKALA,BHASIDHARAN NAIR,M,59,GEN,IND,138,0,138,179160,128177
127,VARKALA,SALU. R,M,32,GEN,IND,135,0,135,179160,128177
127,VARKALA,VARKALA SABESAN,M,61,GEN,IND,126,0,126,179160,128177
127,VARKALA,VIVEKANANDAN,M,68,GEN,IND,101,0,101,179160,128177
128,ATTINGAL,ADV.B.SATYAN,M,49,SC,CPM,72358,450,72808,198678,138137
128,ATTINGAL,K.CHANDRABABU,M,45,SC,RSP,32266,159,32425,198678,138137
128,ATTINGAL,RAJI PRASAD,F,33,SC,BJP,27550,52,27602,198678,138137
128,ATTINGAL,M.K.MANOJKUMAR,M,49,SC,SDPI,1437,0,1437,198678,138137
128,ATTINGAL,None of the Above,,,,NOTA,1265,2,1267,198678,138137
128,ATTINGAL,K.SIVANANDAN,M,64,SC,BSP,789,0,789,198678,138137
128,ATTINGAL,RAJESH.R,M,30,SC,IND,639,0,639,198678,138137
128,ATTINGAL,B.JAYANTHAKUMAR,M,57,SC,SHS,597,0,597,198678,138137
128,ATTINGAL,C.R.THULASI,M,47,SC,IND,411,0,411,198678,138137
128,ATTINGAL,PRATHEESHKUMAR.P,M,33,SC,IND,162,0,162,198678,138137
129,CHIRAYINKEEZHU,V. SASI,M,65,SC,CPI,64420,272,64692,197079,138380
129,CHIRAYINKEEZHU,K.S.AJITH KUMAR,M,47,SC,INC,50222,148,50370,197079,138380
129,CHIRAYINKEEZHU,DR. P.P. VAVA,M,71,SC,BJP,19442,36,19478,197079,138380
129,CHIRAYINKEEZHU,None of the Above,,,,NOTA,1091,1,1092,197079,138380
129,CHIRAYINKEEZHU,SASI PANTHALAM,M,45,SC,WPOI,954,1,955,197079,138380
129,CHIRAYINKEEZHU,SANTHINI,F,35,SC,IND,639,0,639,197079,138380
129,CHIRAYINKEEZHU,AMBILI.V,F,33,SC,PDP,589,0,589,197079,138380
129,CHIRAYINKEEZHU,AJITH NANDANCODE,M,48,SC,IND,226,0,226,197079,138380
129,CHIRAYINKEEZHU,SHIBU (ROY KORANI),M,34,SC,IND,206,0,206,197079,138380
129,CHIRAYINKEEZHU,AJITH,M,30,SC,IND,133,0,133,197079,138380
130,NEDUMANGAD,C.DIVAKARAN,M,73,GEN,CPI,57085,660,57745,204198,151339
130,NEDUMANGAD,PALODE RAVI,M,66,GEN,INC,53635,489,54124,204198,151339
130,NEDUMANGAD,ADV. V.V.RAJESH,M,40,GEN,BJP,34985,154,35139,204198,151339
130,NEDUMANGAD,ABDUL SALAM.A,M,66,GEN,SDPI,1039,0,1039,204198,151339
130,NEDUMANGAD,BIPIN .M.I,M,28,GEN,BSP,908,2,910,204198,151339
130,NEDUMANGAD,None of the Above,,,,NOTA,804,3,807,204198,151339
130,NEDUMANGAD,ANDOORKONAM SULFI,M,42,GEN,PDP,503,0,503,204198,151339
130,NEDUMANGAD,SHIBU. G,M,29,GEN,IND,318,0,318,204198,151339
130,NEDUMANGAD,PERINGAMMALA AJI,M,40,GEN,SHS,251,0,251,204198,151339
130,NEDUMANGAD,SOMAN.C,M,58,SC,IND,217,0,217,204198,151339
130,NEDUMANGAD,DIVAKARAN PANI,M,69,GEN,IND,143,0,143,204198,151339
130,NEDUMANGAD,PARIYARAM RAVEENDRAN,M,67,GEN,IND,80,0,80,204198,151339
130,NEDUMANGAD,RAVEENDRAN NAIR,M,57,GEN,IND,63,0,63,204198,151339
131,VAMANAPURAM,ADV. D.K.MURALI,M,54,GEN,CPM,65071,777,65848,197254,141435
131,VAMANAPURAM,ADV.T.SARATHCHANDRA PRASAD,M,58,GEN,INC,55919,333,56252,197254,141435
131,VAMANAPURAM,R.V.NIKHIL,M,34,GEN,BDJS,13931,25,13956,197254,141435
131,VAMANAPURAM,THACHONAM NISAMUDEEN,M,40,GEN,SDPI,1771,3,1774,197254,141435
131,VAMANAPURAM,ANIL PALODE,M,49,SC,BSP,901,0,901,197254,141435
131,VAMANAPURAM,None of the Above,,,,NOTA,789,0,789,197254,141435
131,VAMANAPURAM,SUGATHAN. S,M,48,SC,IND,517,0,517,197254,141435
131,VAMANAPURAM,G. AJITH,M,38,GEN,SHS,515,0,515,197254,141435
131,VAMANAPURAM,IRINCHAYAM SURESH,M,43,GEN,IND,286,0,286,197254,141435
131,VAMANAPURAM,O. BINUMON MADATHARA,M,29,SC,IND,246,0,246,197254,141435
131,VAMANAPURAM,ANIL.K.PONGANADU,M,25,SC,APOI,228,0,228,197254,141435
131,VAMANAPURAM,MANIRAJ BHARATHANNOOR,M,33,SC,IND,123,0,123,197254,141435
132,KAZHAKKOOTTAM,KADAKAMPALLY SURENDRAN,M,63,GEN,CPM,49494,585,50079,181771,133959
132,KAZHAKKOOTTAM,V.MURALEEDHARAN,M,57,GEN,BJP,42520,212,42732,181771,133959
132,KAZHAKKOOTTAM,M.A.VAHEED,M,66,GEN,INC,38303,299,38602,181771,133959
132,KAZHAKKOOTTAM,None of the Above,,,,NOTA,817,5,822,181771,133959
132,KAZHAKKOOTTAM,KOCHUMANI,M,48,SC,BSP,496,0,496,181771,133959
132,KAZHAKKOOTTAM,N.A.VAHID,M,61,GEN,IND,412,0,412,181771,133959
132,KAZHAKKOOTTAM,ANEESH,M,30,SC,IND,370,0,370,181771,133959
132,KAZHAKKOOTTAM,SURENDRAN PILLAI,M,63,GEN,IND,108,0,108,181771,133959
132,KAZHAKKOOTTAM,MANIMEKHALA,F,59,GEN,IND,83,1,84,181771,133959
132,KAZHAKKOOTTAM,SASIKALA,F,44,SC,IND,83,0,83,181771,133959
132,KAZHAKKOOTTAM,MURUKAN.A,M,46,SC,IND,59,0,59,181771,133959
132,KAZHAKKOOTTAM,MURALEEDHARAN,M,62,GEN,IND,58,0,58,181771,133959
132,KAZHAKKOOTTAM,PRASAD.P,M,54,SC,IND,54,0,54,181771,133959
133,VATTIYOORKAVU,K MURALEEDHARAN,M,58,GEN,INC,50855,467,51322,195239,137108
133,VATTIYOORKAVU,KUMMANAM RAJASEKHARAN,M,63,GEN,BJP,43409,291,43700,195239,137108
133,VATTIYOORKAVU,DR. T.N.SEEMA,F,52,GEN,CPM,39816,625,40441,195239,137108
133,VATTIYOORKAVU,None of the Above,,,,NOTA,815,2,817,195239,137108
133,VATTIYOORKAVU,MEKKANSI.K.JOHN,M,40,GEN,BSP,396,3,399,195239,137108
133,VATTIYOORKAVU,BINU. D,M,38,SC,IND,147,0,147,195239,137108
133,VATTIYOORKAVU,SAHADEVAN,M,52,GEN,IND,103,1,104,195239,137108
133,VATTIYOORKAVU,K.G. MOHANAN,M,57,GEN,IND,77,0,77,195239,137108
133,VATTIYOORKAVU,BABY. D,F,49,SC,IND,53,0,53,195239,137108
133,VATTIYOORKAVU,SAJU AMEERDAS,M,30,GEN,IND,48,0,48,195239,137108
134,THIRUVANANTHAPURAM,V.S. SIVAKUMAR,M,55,GEN,INC,46279,195,46474,193101,126212
134,THIRUVANANTHAPURAM,ADV.ANTONY RAJU,M,61,GEN,IND,35344,225,35569,193101,126212
134,THIRUVANANTHAPURAM,SREESANTH,M,33,GEN,BJP,34637,127,34764,193101,126212
134,THIRUVANANTHAPURAM,DR. BIJU RAMESH,M,51,GEN,ADMK,5756,6,5762,193101,126212
134,THIRUVANANTHAPURAM,None of the Above,,,,NOTA,1431,4,1435,193101,126212
134,THIRUVANANTHAPURAM,NANDAVANAM SUSEELAN,M,63,GEN,IND,450,0,450,193101,126212
134,THIRUVANANTHAPURAM,ANTONY RAJU NEW COLONY,M,33,GEN,IND,424,0,424,193101,126212
134,THIRUVANANTHAPURAM,MOHANAMBIKA. D,F,50,SC,BSP,397,1,398,193101,126212
134,THIRUVANANTHAPURAM,P.S.GOPAKUMAR,M,44,GEN,SUCI,341,3,344,193101,126212
134,THIRUVANANTHAPURAM,SIVAKUMAR RAVEENDRAN NAIR,M,39,GEN,IND,208,0,208,193101,126212
134,THIRUVANANTHAPURAM,PRAVEEN ARIMBRATHODIYIL,M,32,GEN,IND,170,0,170,193101,126212
134,THIRUVANANTHAPURAM,M.S.SUBI,M,30,GEN,IND,113,0,113,193101,126212
134,THIRUVANANTHAPURAM,SIVAKUMAR PUSHKARAN,M,46,GEN,IND,101,0,101,193101,126212
135,NEMOM,O.RAJAGOPAL,M,85,GEN,BJP,67455,358,67813,192459,142882
135,NEMOM,V.SIVANKUTTY,M,61,GEN,CPM,58698,444,59142,192459,142882
135,NEMOM,V.SURENDRAN PILLAI,M,60,GEN,JD(U),13728,132,13860,192459,142882
135,NEMOM,None of the Above,,,,NOTA,878,6,884,192459,142882
135,NEMOM,A.NOUSHAD,M,51,GEN,AKTP,406,0,406,192459,142882
135,NEMOM,SHAMLAJA BEEVI.B,F,37,GEN,IND,330,0,330,192459,142882
135,NEMOM,J.VIKRAMAN PACHALLOOR,M,52,GEN,IND,170,0,170,192459,142882
135,NEMOM,JAIN WILSON,M,53,GEN,IND,163,0,163,192459,142882
135,NEMOM,SAILESWARA BABU.N,M,61,SC,IND,114,0,114,192459,142882
136,ARUVIKKARA,K.S. SABARINADHAN,M,32,GEN,INC,70462,448,70910,189505,143761
136,ARUVIKKARA,ADV. A.A.RASHEED,M,58,GEN,CPM,49043,553,49596,189505,143761
136,ARUVIKKARA,RAJASENAN,M,57,GEN,BJP,20230,64,20294,189505,143761
136,ARUVIKKARA,M.A.JALEEL,M,46,GEN,SDPI,707,0,707,189505,143761
136,ARUVIKKARA,CHITHRALEKHA.E,F,40,SC,BSP,672,1,673,189505,143761
136,ARUVIKKARA,None of the Above,,,,NOTA,639,1,640,189505,143761
136,ARUVIKKARA,SABARINATH,M,34,GEN,IND,331,0,331,189505,143761
136,ARUVIKKARA,ADV. CHERAPPALLY VISWANANTHAN,M,52,GEN,IND,188,0,188,189505,143761
136,ARUVIKKARA,RASHEED,M,50,GEN,IND,158,0,158,189505,143761
136,ARUVIKKARA,A.P.KAKKADU,M,51,GEN,IND,134,0,134,189505,143761
136,ARUVIKKARA,AJITHA.B,F,30,SC,IND,129,1,130,189505,143761
137,PARASSALA,C.K.HAREENDRAKUMAR (C.K.HAREENDRAN),M,59,GEN,CPM,69634,522,70156,210162,157980
137,PARASSALA,A.T.GEORGE,M,63,GEN,INC,51343,247,51590,210162,157980
137,PARASSALA,JAYACHANDRAN NAIR (KARAMANA JAYAN),M,52,GEN,BJP,32933,95,33028,210162,157980
137,PARASSALA,BINOY.S,M,37,GEN,BSP,743,2,745,210162,157980
137,PARASSALA,None of the Above,,,,NOTA,741,1,742,210162,157980
137,PARASSALA,CHRISTOPHER SHAJU (SHAJU PALIYODU),M,41,GEN,IND,729,3,732,210162,157980
137,PARASSALA,JOHNY THAMPY (DALUMUGHAM JOHNY THAMPY),M,52,GEN,IND,294,0,294,210162,157980
137,PARASSALA,MOHANRAJ.T (VELLARADA MOHANRAJ),M,56,GEN,IND,287,0,287,210162,157980
137,PARASSALA,V.SELVAN,M,44,GEN,IND,243,0,243,210162,157980
137,PARASSALA,SHAJAHAN. S (SHAJAHAN KUDAPPANAMOODU),M,37,GEN,IND,163,0,163,210162,157980
138,KATTAKKADA,ADV. I.B. SATHEESH,M,45,GEN,CPM,50920,694,51614,187392,143634
138,KATTAKKADA,N.SHAKTHAN,M,66,GEN,INC,50350,415,50765,187392,143634
138,KATTAKKADA,P.K.KRISHNADAS,M,52,GEN,BJP,38555,145,38700,187392,143634
138,KATTAKKADA,None of the Above,,,,NOTA,731,1,732,187392,143634
138,KATTAKKADA,BIJU. S.R,M,44,GEN,BSP,708,1,709,187392,143634
138,KATTAKKADA,ASHARAF PRAVACHAMBALAM,M,39,GEN,SDPI,627,0,627,187392,143634
138,KATTAKKADA,S.MINI,F,41,GEN,SUCI,295,0,295,187392,143634
138,KATTAKKADA,K. SASIKUMAR,M,56,GEN,IND,192,0,192,187392,143634
139,KOVALAM,ADV.M.VINCENT,M,48,GEN,INC,59796,472,60268,207410,153966
139,KOVALAM,JAMEELA PRAKASAM,F,58,GEN,JD(S),57161,492,57653,207410,153966
139,KOVALAM,KOVALAM T.N. SURESH,M,48,GEN,BDJS,30897,90,30987,207410,153966
139,KOVALAM,ADV.K.R.ANISH,M,39,SC,BSP,996,0,996,207410,153966
139,KOVALAM,M.C.JAYALAL,M,52,SC,IND,933,0,933,207410,153966
139,KOVALAM,None of the Above,,,,NOTA,844,1,845,207410,153966
139,KOVALAM,PRAMOD KUMAR,M,38,GEN,IND,564,0,564,207410,153966
139,KOVALAM,SARASAMMA.T,F,61,SC,IGP,558,0,558,207410,153966
139,KOVALAM,S. SHAJI,M,38,GEN,AKTP,400,0,400,207410,153966
139,KOVALAM,M. SUGATHAN,M,44,GEN,IND,389,0,389,207410,153966
139,KOVALAM,SILVASTER,M,50,GEN,IND,373,0,373,207410,153966
140,NEYYATTINKARA,K.ANSALAN,M,59,GEN,CPM,62828,731,63559,178942,134645
140,NEYYATTINKARA,R. SELVARAJ,M,67,GEN,INC,53514,502,54016,178942,134645
140,NEYYATTINKARA,PUNCHAKKARI SURENDRAN,M,48,GEN,BJP,15452,79,15531,178942,134645
140,NEYYATTINKARA,None of the Above,,,,NOTA,691,2,693,178942,134645
140,NEYYATTINKARA,PRABHAKARAN,M,41,SC,BSP,566,0,566,178942,134645
140,NEYYATTINKARA,ANILKUMAR,M,30,GEN,IND,280,0,280,178942,134645
